timestamp,data
1742665777706158004,start
1742665786743726110,increment_path
1742665791833278218,increment_path
1742665795593346086,increment_path
1742665800242810676,increment_path
1742665808753280578,increment_path
1742665814094233260,increment_path
1742665817853207110,increment_path
1742665822553361311,increment_path
1742665831003068213,increment_path
1742665836303351913,increment_path
1742665840063877541,increment_path
1742665844713820945,increment_path
1742665853173023440,increment_path
1742665858464445585,increment_path
1742665862213282046,increment_path
1742665866813288266,increment_path
1742665875273874409,increment_path
1742665880563476998,increment_path
1742665884323051700,increment_path
1742665888923435382,increment_path
1742665897383221284,increment_path
1742665902673317281,increment_path
1742665906433046964,increment_path
1742665911083822943,increment_path
