timestamp,layout.data_offset,data
1742664699938224951,0,"array('i', [28510, 25642])"
1742664699988130718,0,"array('i', [28510, 25642])"
1742664700038076170,0,"array('i', [28510, 25642])"
1742664700087713954,0,"array('i', [28510, 25642])"
1742664700137704462,0,"array('i', [28510, 25642])"
1742664700187647025,0,"array('i', [28510, 25642])"
1742664700237733089,0,"array('i', [28510, 25642])"
1742664700587417791,0,"array('i', [28510, 25642])"
1742664700587909534,0,"array('i', [28510, 25642])"
1742664700588118294,0,"array('i', [28510, 25642])"
1742664700591386588,0,"array('i', [28510, 25642])"
1742664700591452589,0,"array('i', [28510, 25642])"
1742664700592671169,0,"array('i', [28510, 25642])"
1742664700592787336,0,"array('i', [28510, 25642])"
1742664700928554895,0,"array('i', [28510, 25642])"
1742664700930531793,0,"array('i', [28510, 25642])"
1742664700930993499,0,"array('i', [28510, 25642])"
1742664700932351191,0,"array('i', [28510, 25642])"
1742664700932469803,0,"array('i', [28510, 25642])"
1742664700932739953,0,"array('i', [28510, 25642])"
1742664700932818434,0,"array('i', [28510, 25642])"
1742664700978032159,0,"array('i', [28510, 25642])"
1742664701027707203,0,"array('i', [28510, 25642])"
1742664701077882674,0,"array('i', [28510, 25642])"
1742664701127888293,0,"array('i', [28510, 25642])"
1742664701177737245,0,"array('i', [28510, 25642])"
1742664701227807309,0,"array('i', [28510, 25642])"
1742664701277718335,0,"array('i', [28510, 25642])"
1742664701327639231,0,"array('i', [28510, 25642])"
1742664701377755184,0,"array('i', [28510, 25642])"
1742664701427744970,0,"array('i', [28510, 25642])"
1742664701477735940,0,"array('i', [28510, 25642])"
1742664701527703300,0,"array('i', [28510, 25642])"
1742664701568273742,0,"array('i', [28510, 25642])"
1742664701617763692,0,"array('i', [28510, 25642])"
1742664701667665070,0,"array('i', [28510, 25642])"
1742664701717906986,0,"array('i', [28510, 25642])"
1742664701768078477,0,"array('i', [28510, 25642])"
1742664701817634131,0,"array('i', [28510, 25642])"
1742664701868755737,0,"array('i', [28510, 25642])"
1742664701917808777,0,"array('i', [28510, 25642])"
1742664701967796988,0,"array('i', [28510, 25642])"
1742664702017577717,0,"array('i', [28510, 25642])"
1742664702067747393,0,"array('i', [28510, 25642])"
1742664702117748530,0,"array('i', [28510, 25642])"
1742664702168878210,0,"array('i', [28510, 25642])"
1742664702217716101,0,"array('i', [28510, 25642])"
1742664702267627387,0,"array('i', [28510, 25642])"
1742664702317670783,0,"array('i', [28510, 25642])"
1742664702367657476,0,"array('i', [28510, 25642])"
1742664702417677873,0,"array('i', [28510, 25642])"
1742664702467668511,0,"array('i', [28510, 25642])"
1742664702507599135,0,"array('i', [28510, 25642])"
1742664702557925793,0,"array('i', [28510, 25642])"
1742664702607760374,0,"array('i', [28510, 25642])"
1742664702657700289,0,"array('i', [28510, 25642])"
1742664702707642389,0,"array('i', [28510, 25642])"
1742664702757719897,0,"array('i', [28510, 25642])"
1742664702808001814,0,"array('i', [28510, 25642])"
1742664702858185656,0,"array('i', [28510, 25642])"
1742664702908950057,0,"array('i', [28510, 25642])"
1742664702958145968,0,"array('i', [28510, 25642])"
1742664703008769109,0,"array('i', [28510, 25642])"
1742664703058574967,0,"array('i', [28510, 25642])"
1742664703107609859,0,"array('i', [28510, 25642])"
1742664703157677923,0,"array('i', [28510, 25642])"
1742664703207598431,0,"array('i', [28510, 25642])"
1742664703257545216,0,"array('i', [28510, 25642])"
1742664703307637835,0,"array('i', [28510, 25642])"
1742664703357646158,0,"array('i', [28510, 25642])"
1742664703407556443,0,"array('i', [28510, 25642])"
1742664703447699346,0,"array('i', [28510, 25642])"
1742664703497544872,0,"array('i', [28510, 25642])"
1742664703547531917,0,"array('i', [28510, 25642])"
1742664703597596184,0,"array('i', [28510, 25642])"
1742664703647580877,0,"array('i', [28510, 25642])"
1742664703697577978,0,"array('i', [28510, 25642])"
1742664703747568078,0,"array('i', [28510, 25642])"
1742664703797540715,0,"array('i', [28510, 25642])"
1742664703847642650,0,"array('i', [28510, 25642])"
1742664703897560324,0,"array('i', [28510, 25642])"
1742664703947604221,0,"array('i', [28510, 25642])"
1742664703997815026,0,"array('i', [28510, 25642])"
1742664704047553162,0,"array('i', [28510, 25642])"
1742664704097963783,0,"array('i', [28510, 25642])"
1742664704147607215,0,"array('i', [28510, 25642])"
1742664704197902076,0,"array('i', [28510, 25642])"
1742664704247585083,0,"array('i', [28510, 25642])"
1742664704297593109,0,"array('i', [28510, 25642])"
1742664704347631506,0,"array('i', [28510, 25642])"
1742664704387586149,0,"array('i', [28510, 25642])"
1742664704437560934,0,"array('i', [28510, 25642])"
1742664704487579183,0,"array('i', [28510, 25642])"
1742664704537935267,0,"array('i', [28510, 25642])"
1742664704587525087,0,"array('i', [28510, 25642])"
1742664704638141209,0,"array('i', [28510, 25642])"
1742664704687549103,0,"array('i', [28510, 25642])"
1742664704737782353,0,"array('i', [28510, 25642])"
1742664704787529526,0,"array('i', [28510, 25642])"
1742664704837657461,0,"array('i', [28510, 25642])"
1742664704887580857,0,"array('i', [28510, 25642])"
1742664704937617457,0,"array('i', [28510, 25642])"
1742664704987633336,0,"array('i', [28510, 25642])"
1742664705037675344,0,"array('i', [28510, 25642])"
1742664705087625037,0,"array('i', [28510, 25642])"
1742664705137600766,0,"array('i', [28510, 25642])"
1742664705187643812,0,"array('i', [28510, 25642])"
1742664705237628634,0,"array('i', [28510, 25642])"
1742664705277658444,0,"array('i', [28510, 25642])"
1742664705327608378,0,"array('i', [28510, 25642])"
1742664705377996313,0,"array('i', [28510, 25642])"
1742664705427628319,0,"array('i', [28510, 25642])"
1742664705477557994,0,"array('i', [28510, 25642])"
1742664705527632742,0,"array('i', [28510, 25642])"
1742664705577676195,0,"array('i', [28510, 25642])"
1742664705628029371,0,"array('i', [28510, 25642])"
1742664705677603581,0,"array('i', [28510, 25642])"
1742664705727596385,0,"array('i', [28510, 25642])"
1742664705777622652,0,"array('i', [28510, 25642])"
1742664705827626400,0,"array('i', [28510, 25642])"
1742664705877796335,0,"array('i', [28510, 25642])"
1742664705927938066,0,"array('i', [28510, 25642])"
1742664705977602183,0,"array('i', [28510, 25642])"
1742664706027609802,0,"array('i', [28510, 25642])"
1742664706077538717,0,"array('i', [28510, 25642])"
1742664706127644670,0,"array('i', [28510, 25642])"
1742664706177560955,0,"array('i', [28510, 25642])"
1742664706227559388,0,"array('i', [28510, 25642])"
1742664706277589341,0,"array('i', [28510, 25642])"
1742664706317564817,0,"array('i', [28510, 25642])"
1742664706367555955,0,"array('i', [28510, 25642])"
1742664706417630481,0,"array('i', [28510, 25642])"
1742664706467583563,0,"array('i', [28510, 25642])"
1742664706517655553,0,"array('i', [28510, 25642])"
1742664706567565986,0,"array('i', [28510, 25642])"
1742664706617543271,0,"array('i', [28510, 25642])"
1742664706667612817,0,"array('i', [28510, 25642])"
1742664706717576028,0,"array('i', [28510, 25642])"
1742664706767725833,0,"array('i', [28510, 25642])"
1742664706817605322,0,"array('i', [28510, 25642])"
1742664706867780719,0,"array('i', [28510, 25642])"
1742664706917653911,0,"array('i', [28510, 25642])"
1742664706967622826,0,"array('i', [28510, 25642])"
1742664707017834187,0,"array('i', [28510, 25642])"
1742664707067639731,0,"array('i', [28510, 25642])"
1742664707117657332,0,"array('i', [28510, 25642])"
1742664707167660191,0,"array('i', [28510, 25642])"
1742664707207687575,0,"array('i', [28510, 25642])"
1742664707257706602,0,"array('i', [28510, 25642])"
1742664707307670202,0,"array('i', [28510, 25642])"
1742664707357712340,0,"array('i', [28510, 25642])"
1742664707407633458,0,"array('i', [28510, 25642])"
1742664707457666633,0,"array('i', [28510, 25642])"
1742664707507625288,0,"array('i', [28510, 25642])"
1742664707557769982,0,"array('i', [28510, 25642])"
1742664707607675175,0,"array('i', [28510, 25642])"
1742664707657677201,0,"array('i', [28510, 25642])"
1742664707707740024,0,"array('i', [28510, 25642])"
1742664707757718050,0,"array('i', [28510, 25642])"
1742664707807834188,0,"array('i', [28510, 25642])"
1742664707857692584,0,"array('i', [28510, 25642])"
1742664707907680795,0,"array('i', [28510, 25642])"
1742664707957776489,0,"array('i', [28510, 25642])"
1742664708007637922,0,"array('i', [28510, 25642])"
1742664708058312155,0,"array('i', [28510, 25642])"
1742664708107660067,0,"array('i', [28510, 25642])"
1742664708157662853,0,"array('i', [28510, 25642])"
1742664708197904756,0,"array('i', [28510, 25642])"
1742664708247726374,0,"array('i', [28510, 25642])"
1742664708297619548,0,"array('i', [28510, 25642])"
1742664708347630908,0,"array('i', [28510, 25642])"
1742664708397631008,0,"array('i', [28510, 25642])"
1742664708447845684,0,"array('i', [28510, 25642])"
1742664708497668728,0,"array('i', [28510, 25642])"
1742664708547605809,0,"array('i', [28510, 25642])"
1742664708597673447,0,"array('i', [28510, 25642])"
1742664708647626343,0,"array('i', [28510, 25642])"
1742664708697801463,0,"array('i', [28510, 25642])"
1742664708747671785,0,"array('i', [28510, 25642])"
1742664708797587867,0,"array('i', [28510, 25642])"
1742664708847660708,0,"array('i', [28510, 25642])"
1742664708897621216,0,"array('i', [28510, 25642])"
1742664708947964744,0,"array('i', [28510, 25642])"
1742664708997615916,0,"array('i', [28510, 25642])"
1742664709047694369,0,"array('i', [28510, 25642])"
1742664709097664839,0,"array('i', [28510, 25642])"
1742664709147628829,0,"array('i', [28510, 25642])"
1742664709187627564,0,"array('i', [28510, 25642])"
1742664709237732128,0,"array('i', [28510, 25642])"
1742664709287641913,0,"array('i', [28510, 25642])"
1742664709337740533,0,"array('i', [28510, 25642])"
1742664709387750300,0,"array('i', [28510, 25642])"
1742664709437636307,0,"array('i', [28510, 25642])"
1742664709487693759,0,"array('i', [28510, 25642])"
1742664709537659248,0,"array('i', [28510, 25642])"
1742664709587804405,0,"array('i', [28510, 25642])"
1742664709637633467,0,"array('i', [28510, 25642])"
1742664709687625827,0,"array('i', [28510, 25642])"
1742664709737633890,0,"array('i', [28510, 25642])"
1742664709787641065,0,"array('i', [28510, 25642])"
1742664709837684851,0,"array('i', [28510, 25642])"
1742664709887883730,0,"array('i', [28510, 25642])"
1742664709937579680,0,"array('i', [28510, 25642])"
1742664709987699337,0,"array('i', [28510, 25642])"
1742664710037649141,0,"array('i', [28510, 25642])"
1742664710087742964,0,"array('i', [28510, 25642])"
1742664710127679736,0,"array('i', [28510, 25642])"
1742664710177659799,0,"array('i', [28510, 25642])"
1742664710227606159,0,"array('i', [28510, 25642])"
1742664710277998631,0,"array('i', [28510, 25642])"
1742664710327604230,0,"array('i', [28510, 25642])"
1742664710377627201,0,"array('i', [28510, 25642])"
1742664710427556449,0,"array('i', [28510, 25642])"
1742664710477586531,0,"array('i', [28510, 25642])"
1742664710527696113,0,"array('i', [28510, 25642])"
1742664710577644917,0,"array('i', [28510, 25642])"
1742664710627658184,0,"array('i', [28510, 25642])"
1742664710677653803,0,"array('i', [28510, 25642])"
1742664710727600051,0,"array('i', [28510, 25642])"
1742664710777649207,0,"array('i', [28510, 25642])"
1742664710827605455,0,"array('i', [28510, 25642])"
1742664710877668593,0,"array('i', [28510, 25642])"
1742664710927601286,0,"array('i', [28510, 25642])"
1742664710977577145,0,"array('i', [28510, 25642])"
1742664711027625746,0,"array('i', [28510, 25642])"
1742664711067611204,0,"array('i', [28510, 25642])"
1742664711117737249,0,"array('i', [28510, 25642])"
1742664711167676960,0,"array('i', [28423, 25725])"
1742664711217710838,0,"array('i', [28139, 26003])"
1742664711268117904,0,"array('i', [27764, 26373])"
1742664711317688946,0,"array('i', [27388, 26743])"
1742664711367635694,0,"array('i', [27012, 27113])"
1742664711417711703,0,"array('i', [26634, 27486])"
1742664711467594284,0,"array('i', [26255, 27868])"
1742664711517750385,0,"array('i', [25872, 28252])"
1742664711567578058,0,"array('i', [25489, 28637])"
1742664711617658807,0,"array('i', [25105, 29023])"
1742664711667634352,0,"array('i', [24721, 29409])"
1742664711718165751,0,"array('i', [24338, 29795])"
1742664711767950869,0,"array('i', [23955, 30180])"
1742664711817746431,0,"array('i', [23572, 30563])"
1742664711867692179,0,"array('i', [23192, 30944])"
1742664711917682261,0,"array('i', [22813, 31323])"
1742664711967680139,0,"array('i', [22434, 31703])"
1742664712017840037,0,"array('i', [22052, 32085])"
1742664712057733550,0,"array('i', [21669, 32469])"
1742664712107674853,0,"array('i', [21285, 32854])"
1742664712158018659,0,"array('i', [20901, 33239])"
1742664712207662350,0,"array('i', [20517, 33623])"
1742664712257639654,0,"array('i', [20133, 34005])"
1742664712307715847,0,"array('i', [19750, 34386])"
1742664712357643262,0,"array('i', [19369, 34766])"
1742664712407703733,0,"array('i', [18987, 35146])"
1742664712457671333,0,"array('i', [18604, 35528])"
1742664712507614526,0,"array('i', [18220, 35911])"
1742664712557707719,0,"array('i', [17836, 36295])"
1742664712607730245,0,"array('i', [17452, 36679])"
1742664712658031310,0,"array('i', [17068, 37062])"
1742664712707661001,0,"array('i', [16684, 37443])"
1742664712757644713,0,"array('i', [16300, 37824])"
1742664712807687832,0,"array('i', [15917, 38205])"
1742664712857821636,0,"array('i', [15534, 38587])"
1742664712907857607,0,"array('i', [15155, 38965])"
1742664712957758818,0,"array('i', [14782, 39336])"
1742664712997699831,0,"array('i', [14421, 39697])"
1742664713047739321,0,"array('i', [14071, 40047])"
1742664713097717421,0,"array('i', [13737, 40382])"
1742664713147771781,0,"array('i', [13395, 40724])"
1742664713198257624,0,"array('i', [13015, 41103])"
1742664713247811889,0,"array('i', [12632, 41482])"
1742664713297631729,0,"array('i', [12252, 41861])"
1742664713347771108,0,"array('i', [11871, 42242])"
1742664713397665374,0,"array('i', [11489, 42625])"
1742664713447882346,0,"array('i', [11105, 43009])"
1742664713497624982,0,"array('i', [10722, 43394])"
1742664713547769842,0,"array('i', [10337, 43778])"
1742664713597687405,0,"array('i', [9953, 44162])"
1742664713647660172,0,"array('i', [9569, 44543])"
1742664713697813810,0,"array('i', [9186, 44924])"
1742664713747659520,0,"array('i', [8802, 45305])"
1742664713797656436,0,"array('i', [8419, 45688])"
1742664713847715110,0,"array('i', [8035, 46071])"
1742664713897588265,0,"array('i', [7651, 46454])"
1742664713937646946,0,"array('i', [7267, 46837])"
1742664713987626454,0,"array('i', [6885, 47219])"
1742664714037602868,0,"array('i', [6502, 47602])"
1742664714087948452,0,"array('i', [6119, 47985])"
1742664714137605421,0,"array('i', [5735, 48369])"
1742664714187565299,0,"array('i', [5351, 48753])"
1742664714237652474,0,"array('i', [4967, 49136])"
1742664714287725333,0,"array('i', [4583, 49520])"
1742664714337908953,0,"array('i', [4199, 49902])"
1742664714387676386,0,"array('i', [3815, 50285])"
1742664714437718579,0,"array('i', [3432, 50667])"
1742664714487663105,0,"array('i', [3049, 51049])"
1742664714537676316,0,"array('i', [2665, 51431])"
1742664714587975418,0,"array('i', [2281, 51814])"
1742664714637574701,0,"array('i', [1897, 52197])"
1742664714687665024,0,"array('i', [1514, 52580])"
1742664714737629495,0,"array('i', [1130, 52963])"
1742664714787586521,0,"array('i', [746, 53346])"
1742664714837687177,0,"array('i', [362, 53730])"
1742664714887635777,0,"array('i', [65515, 54113])"
1742664714927645476,0,"array('i', [65132, 54496])"
1742664714977606946,0,"array('i', [64748, 54879])"
1742664715027635084,0,"array('i', [64365, 55263])"
1742664715077650036,0,"array('i', [63981, 55646])"
1742664715127819952,0,"array('i', [63597, 56030])"
1742664715177679570,0,"array('i', [63213, 56415])"
1742664715227691800,0,"array('i', [62829, 56798])"
1742664715277687715,0,"array('i', [62445, 57181])"
1742664715327670981,0,"array('i', [62062, 57564])"
1742664715378293566,0,"array('i', [61678, 57947])"
1742664715427820349,0,"array('i', [61294, 58331])"
1742664715478051562,0,"array('i', [60910, 58714])"
1742664715527738846,0,"array('i', [60526, 59098])"
1742664715577692853,0,"array('i', [60143, 59481])"
1742664715627680787,0,"array('i', [59759, 59864])"
1742664715677685998,0,"array('i', [59375, 60248])"
1742664715727615598,0,"array('i', [58992, 60631])"
1742664715777675365,0,"array('i', [58609, 61014])"
1742664715827703817,0,"array('i', [58226, 61398])"
1742664715867627331,0,"array('i', [57842, 61781])"
1742664715917667061,0,"array('i', [57458, 62165])"
1742664715967644642,0,"array('i', [57074, 62549])"
1742664716017932744,0,"array('i', [56690, 62933])"
1742664716067625620,0,"array('i', [56307, 63316])"
1742664716117669628,0,"array('i', [55923, 63700])"
1742664716167735970,0,"array('i', [55539, 64084])"
1742664716217677681,0,"array('i', [55155, 64467])"
1742664716267677966,0,"array('i', [54772, 64851])"
1742664716317678603,0,"array('i', [54389, 65234])"
1742664716367657407,0,"array('i', [54005, 81])"
1742664716417673174,0,"array('i', [53622, 465])"
1742664716467684626,0,"array('i', [53239, 849])"
1742664716517825524,0,"array('i', [52855, 1233])"
1742664716567681456,0,"array('i', [52471, 1617])"
1742664716617666057,0,"array('i', [52087, 2002])"
1742664716667806065,0,"array('i', [51703, 2387])"
1742664716717669146,0,"array('i', [51319, 2771])"
1742664716757692660,0,"array('i', [50935, 3155])"
1742664716807758093,0,"array('i', [50551, 3538])"
1742664716857651934,0,"array('i', [50167, 3921])"
1742664716907819165,0,"array('i', [49784, 4304])"
1742664716957644690,0,"array('i', [49400, 4687])"
1742664717007631938,0,"array('i', [49017, 5071])"
1742664717057668094,0,"array('i', [48633, 5454])"
1742664717107678583,0,"array('i', [48249, 5838])"
1742664717158079667,0,"array('i', [47865, 6222])"
1742664717207594450,0,"array('i', [47481, 6607])"
1742664717257638162,0,"array('i', [47098, 6991])"
1742664717307670984,0,"array('i', [46714, 7373])"
1742664717357628584,0,"array('i', [46331, 7757])"
1742664717407821315,0,"array('i', [45948, 8141])"
1742664717457653118,0,"array('i', [45564, 8525])"
1742664717507663700,0,"array('i', [45181, 8910])"
1742664717557712430,0,"array('i', [44797, 9294])"
1742664717607616585,0,"array('i', [44414, 9679])"
1742664717657984872,0,"array('i', [44030, 10063])"
1742664717697721755,0,"array('i', [43647, 10447])"
1742664717747762800,0,"array('i', [43264, 10831])"
1742664717797656974,0,"array('i', [42882, 11214])"
1742664717847691278,0,"array('i', [42500, 11598])"
1742664717897623266,0,"array('i', [42117, 11982])"
1742664717947694737,0,"array('i', [41733, 12366])"
1742664717997642411,0,"array('i', [41350, 12750])"
1742664718047716679,0,"array('i', [40966, 13134])"
1742664718097626130,0,"array('i', [40583, 13518])"
1742664718147782194,0,"array('i', [40200, 13902])"
1742664718197678757,0,"array('i', [39816, 14286])"
1742664718247668857,0,"array('i', [39433, 14669])"
1742664718297720402,0,"array('i', [39050, 15053])"
1742664718347680687,0,"array('i', [38667, 15438])"
1742664718397628898,0,"array('i', [38283, 15821])"
1742664718447707999,0,"array('i', [37900, 16206])"
1742664718497639302,0,"array('i', [37517, 16591])"
1742664718547726718,0,"array('i', [37134, 16976])"
1742664718597661021,0,"array('i', [36752, 17361])"
1742664718637871184,0,"array('i', [36368, 17746])"
1742664718687665579,0,"array('i', [35985, 18130])"
1742664718737671606,0,"array('i', [35602, 18515])"
1742664718787659928,0,"array('i', [35219, 18901])"
1742664718837824918,0,"array('i', [34835, 19285])"
1742664718887678406,0,"array('i', [34452, 19670])"
1742664718937663377,0,"array('i', [34069, 20055])"
1742664718987690310,0,"array('i', [33686, 20439])"
1742664719037624707,0,"array('i', [33304, 20824])"
1742664719087751011,0,"array('i', [32920, 21209])"
1742664719137620203,0,"array('i', [32537, 21594])"
1742664719187653822,0,"array('i', [32154, 21980])"
1742664719237625959,0,"array('i', [31771, 22366])"
1742664719287618578,0,"array('i', [31389, 22751])"
1742664719337751901,0,"array('i', [31005, 23136])"
1742664719387723612,0,"array('i', [30623, 23521])"
1742664719437661434,0,"array('i', [30240, 23907])"
1742664719487654479,0,"array('i', [29858, 24293])"
1742664719537669820,0,"array('i', [29476, 24678])"
1742664719587770550,0,"array('i', [29093, 25063])"
1742664719627751786,0,"array('i', [28710, 25449])"
1742664719677666256,0,"array('i', [28327, 25835])"
1742664719727844690,0,"array('i', [27944, 26221])"
1742664719777673790,0,"array('i', [27561, 26606])"
1742664719827750872,0,"array('i', [27179, 26992])"
1742664719877741398,0,"array('i', [26797, 27378])"
1742664719927616590,0,"array('i', [26415, 27763])"
1742664719978433101,0,"array('i', [26033, 28149])"
1742664720027691791,0,"array('i', [25651, 28535])"
1742664720077668187,0,"array('i', [25270, 28922])"
1742664720127739213,0,"array('i', [24888, 29309])"
1742664720177623794,0,"array('i', [24506, 29695])"
1742664720228378084,0,"array('i', [24124, 30082])"
1742664720277632921,0,"array('i', [23743, 30468])"
1742664720327576502,0,"array('i', [23363, 30854])"
1742664720377753307,0,"array('i', [22981, 31241])"
1742664720427591906,0,"array('i', [22600, 31627])"
1742664720477805026,0,"array('i', [22220, 32012])"
1742664720527648162,0,"array('i', [21847, 32390])"
1742664720577585040,0,"array('i', [21482, 32761])"
1742664720627760011,0,"array('i', [21129, 33120])"
1742664720667699969,0,"array('i', [20789, 33466])"
1742664720717587402,0,"array('i', [20465, 33799])"
1742664720767895170,0,"array('i', [20203, 34149])"
1742664720817622603,0,"array('i', [20131, 34577])"
1742664720867626906,0,"array('i', [20130, 34961])"
1742664720917668914,0,"array('i', [20163, 35300])"
1742664720967590903,0,"array('i', [20225, 35606])"
1742664721017706393,0,"array('i', [20310, 35888])"
1742664721067643603,0,"array('i', [20411, 36148])"
1742664721117658463,0,"array('i', [20528, 36389])"
1742664721167644933,0,"array('i', [20665, 36612])"
1742664721217644274,0,"array('i', [20815, 36823])"
1742664721267692930,0,"array('i', [20975, 37026])"
1742664721317669456,0,"array('i', [21141, 37227])"
1742664721367713260,0,"array('i', [21312, 37426])"
1742664721417675601,0,"array('i', [21486, 37623])"
1742664721467712220,0,"array('i', [21662, 37817])"
1742664721517669505,0,"array('i', [21839, 38005])"
1742664721567695253,0,"array('i', [22016, 38191])"
1742664721617595372,0,"array('i', [22194, 38374])"
1742664721667721491,0,"array('i', [22374, 38556])"
1742664721707697023,0,"array('i', [22555, 38737])"
1742664721757656993,0,"array('i', [22738, 38920])"
1742664721807656649,0,"array('i', [22922, 39104])"
1742664721857675212,0,"array('i', [23107, 39289])"
1742664721907754850,0,"array('i', [23292, 39473])"
1742664721957819894,0,"array('i', [23476, 39657])"
1742664722007664198,0,"array('i', [23660, 39839])"
1742664722057716409,0,"array('i', [23843, 40021])"
1742664722107725306,0,"array('i', [24026, 40202])"
1742664722157830591,0,"array('i', [24209, 40383])"
1742664722207773080,0,"array('i', [24392, 40565])"
1742664722257557624,0,"array('i', [24576, 40749])"
1742664722307751669,0,"array('i', [24760, 40932])"
1742664722357662954,0,"array('i', [24944, 41116])"
1742664722407952685,0,"array('i', [25128, 41299])"
1742664722457661173,0,"array('i', [25312, 41481])"
1742664722507591902,0,"array('i', [25495, 41663])"
1742664722557762781,0,"array('i', [25678, 41845])"
1742664722607779326,0,"array('i', [25861, 42027])"
1742664722657918167,0,"array('i', [26044, 42209])"
1742664722707649099,0,"array('i', [26228, 42392])"
1742664722747641909,0,"array('i', [26411, 42575])"
1742664722797712973,0,"array('i', [26595, 42758])"
1742664722847598535,0,"array('i', [26779, 42941])"
1742664722897703599,0,"array('i', [26962, 43124])"
1742664722947789421,0,"array('i', [27145, 43307])"
1742664722997707484,0,"array('i', [27328, 43489])"
1742664723047764196,0,"array('i', [27512, 43671])"
1742664723097717036,0,"array('i', [27695, 43854])"
1742664723147842248,0,"array('i', [27878, 44037])"
1742664723197858626,0,"array('i', [28062, 44221])"
1742664723247638336,0,"array('i', [28247, 44405])"
1742664723297727844,0,"array('i', [28431, 44588])"
1742664723347628481,0,"array('i', [28614, 44772])"
1742664723397593562,0,"array('i', [28797, 44954])"
1742664723447706644,0,"array('i', [28980, 45136])"
1742664723497645874,0,"array('i', [29162, 45316])"
1742664723547845808,0,"array('i', [29345, 45498])"
1742664723597668056,0,"array('i', [29528, 45679])"
1742664723647615841,0,"array('i', [29711, 45860])"
1742664723697659923,0,"array('i', [29894, 46042])"
1742664723737702510,0,"array('i', [30077, 46225])"
1742664723787602758,0,"array('i', [30260, 46407])"
1742664723837710414,0,"array('i', [30444, 46589])"
1742664723887603366,0,"array('i', [30627, 46772])"
1742664723937567781,0,"array('i', [30810, 46954])"
1742664723987651900,0,"array('i', [30993, 47136])"
1742664724037598944,0,"array('i', [31177, 47318])"
1742664724087701045,0,"array('i', [31361, 47501])"
1742664724137663737,0,"array('i', [31545, 47683])"
1742664724187767189,0,"array('i', [31729, 47866])"
1742664724237793105,0,"array('i', [31913, 48048])"
1742664724287707204,0,"array('i', [32097, 48231])"
1742664724337793064,0,"array('i', [32281, 48414])"
1742664724387738923,0,"array('i', [32464, 48597])"
1742664724437661338,0,"array('i', [32647, 48779])"
1742664724487648734,0,"array('i', [32830, 48962])"
1742664724537669445,0,"array('i', [33013, 49145])"
1742664724587707268,0,"array('i', [33196, 49329])"
1742664724637650182,0,"array('i', [33381, 49513])"
1742664724687619875,0,"array('i', [33565, 49698])"
1742664724727792482,0,"array('i', [33749, 49881])"
1742664724777641896,0,"array('i', [33932, 50064])"
1742664724827654867,0,"array('i', [34115, 50246])"
1742664724877691578,0,"array('i', [34297, 50428])"
1742664724927638085,0,"array('i', [34480, 50610])"
1742664724977828797,0,"array('i', [34662, 50792])"
1742664725027645341,0,"array('i', [34845, 50975])"
1742664725077636848,0,"array('i', [35028, 51159])"
1742664725127650097,0,"array('i', [35212, 51343])"
1742664725177645845,0,"array('i', [35396, 51527])"
1742664725227822946,0,"array('i', [35580, 51711])"
1742664725277651453,0,"array('i', [35764, 51895])"
1742664725327654312,0,"array('i', [35947, 52078])"
1742664725377724875,0,"array('i', [36128, 52258])"
1742664725427728661,0,"array('i', [36305, 52433])"
1742664725477733613,0,"array('i', [36474, 52602])"
1742664725527663361,0,"array('i', [36636, 52763])"
1742664725577643220,0,"array('i', [36788, 52915])"
1742664725627680172,0,"array('i', [36931, 53057])"
1742664725677890180,0,"array('i', [37062, 53190])"
1742664725717684711,0,"array('i', [37172, 53324])"
1742664725767686848,0,"array('i', [37104, 53599])"
1742664725817623467,0,"array('i', [36840, 54019])"
1742664725867666197,0,"array('i', [36526, 54453])"
1742664725917601945,0,"array('i', [36197, 54878])"
1742664725967596526,0,"array('i', [35857, 55300])"
1742664726017732701,0,"array('i', [35509, 55718])"
1742664726067623319,0,"array('i', [35154, 56129])"
1742664726117822698,0,"array('i', [34793, 56537])"
1742664726167597778,0,"array('i', [34428, 56940])"
1742664726217587619,0,"array('i', [34059, 57339])"
1742664726267654238,0,"array('i', [33687, 57735])"
1742664726317666597,0,"array('i', [33313, 58128])"
1742664726367973125,0,"array('i', [32937, 58519])"
1742664726417669261,0,"array('i', [32560, 58908])"
1742664726467653009,0,"array('i', [32181, 59296])"
1742664726517701442,0,"array('i', [31800, 59685])"
1742664726567668264,0,"array('i', [31417, 60073])"
1742664726618002625,0,"array('i', [31033, 60461])"
1742664726667651465,0,"array('i', [30649, 60849])"
1742664726717631657,0,"array('i', [30267, 61235])"
1742664726757621004,0,"array('i', [29884, 61620])"
1742664726807711067,0,"array('i', [29501, 62005])"
1742664726857659852,0,"array('i', [29117, 62389])"
1742664726907718786,0,"array('i', [28733, 62775])"
1742664726957698830,0,"array('i', [28348, 63161])"
1742664727007634967,0,"array('i', [27964, 63547])"
1742664727057813383,0,"array('i', [27578, 63933])"
1742664727107731594,0,"array('i', [27193, 64319])"
1742664727158237567,0,"array('i', [26809, 64705])"
1742664727207612664,0,"array('i', [26424, 65091])"
1742664727257620930,0,"array('i', [26039, 65476])"
1742664727307747735,0,"array('i', [25654, 325])"
1742664727357672242,0,"array('i', [25270, 710])"
1742664727407720126,0,"array('i', [24885, 1095])"
1742664727457602193,0,"array('i', [24500, 1481])"
1742664727507765985,0,"array('i', [24116, 1866])"
1742664727557662220,0,"array('i', [23735, 2247])"
1742664727607656011,0,"array('i', [23361, 2622])"
1742664727657795376,0,"array('i', [22998, 2985])"
1742664727707632481,0,"array('i', [22646, 3337])"
1742664727747617580,0,"array('i', [22306, 3677])"
1742664727797854576,0,"array('i', [21982, 4003])"
1742664727847697903,0,"array('i', [21719, 4349])"
1742664727897644767,0,"array('i', [21648, 4777])"
1742664727947662336,0,"array('i', [21649, 5162])"
1742664727997819369,0,"array('i', [21683, 5503])"
1742664728047917807,0,"array('i', [21745, 5811])"
1742664728097644001,0,"array('i', [21829, 6093])"
1742664728147835331,0,"array('i', [21931, 6353])"
1742664728197646358,0,"array('i', [22052, 6592])"
1742664728247584833,0,"array('i', [22190, 6815])"
1742664728297772959,0,"array('i', [22341, 7028])"
1742664728347669247,0,"array('i', [22502, 7235])"
1742664728397700316,0,"array('i', [22668, 7439])"
1742664728447658420,0,"array('i', [22839, 7641])"
1742664728497642117,0,"array('i', [23013, 7839])"
1742664728547803002,0,"array('i', [23189, 8031])"
1742664728597632401,0,"array('i', [23366, 8220])"
1742664728647679543,0,"array('i', [23545, 8407])"
1742664728697669203,0,"array('i', [23724, 8593])"
1742664728747570788,0,"array('i', [23905, 8778])"
1742664728787551327,0,"array('i', [24088, 8963])"
1742664728837642656,0,"array('i', [24271, 9149])"
1742664728887645964,0,"array('i', [24455, 9334])"
1742664728937967667,0,"array('i', [24640, 9518])"
1742664728987695230,0,"array('i', [24824, 9701])"
1742664729037591037,0,"array('i', [25008, 9884])"
1742664729087752754,0,"array('i', [25191, 10066])"
1742664729137621986,0,"array('i', [25374, 10249])"
1742664729187641719,0,"array('i', [25557, 10433])"
1742664729237656083,0,"array('i', [25741, 10618])"
1742664729287657353,0,"array('i', [25925, 10802])"
1742664729337676643,0,"array('i', [26109, 10987])"
1742664729387570578,0,"array('i', [26293, 11171])"
1742664729438400584,0,"array('i', [26477, 11355])"
1742664729487797993,0,"array('i', [26660, 11537])"
1742664729537697466,0,"array('i', [26843, 11719])"
1742664729587721644,0,"array('i', [27026, 11901])"
1742664729637834750,0,"array('i', [27209, 12084])"
1742664729688184396,0,"array('i', [27392, 12267])"
1742664729728228084,0,"array('i', [27575, 12451])"
1742664729777649012,0,"array('i', [27759, 12636])"
1742664729827630079,0,"array('i', [27943, 12820])"
1742664729877765055,0,"array('i', [28127, 13004])"
1742664729927630712,0,"array('i', [28310, 13187])"
1742664729977816338,0,"array('i', [28494, 13369])"
1742664730027628605,0,"array('i', [28678, 13552])"
1742664730077658005,0,"array('i', [28861, 13734])"
1742664730127759109,0,"array('i', [29043, 13915])"
1742664730177663044,0,"array('i', [29226, 14098])"
1742664730227809945,0,"array('i', [29409, 14281])"
1742664730277768844,0,"array('i', [29593, 14464])"
1742664730327711539,0,"array('i', [29776, 14647])"
1742664730377665326,0,"array('i', [29959, 14828])"
1742664730427721596,0,"array('i', [30142, 15010])"
1742664730477718570,0,"array('i', [30325, 15191])"
1742664730527647338,0,"array('i', [30508, 15372])"
1742664730577614848,0,"array('i', [30691, 15554])"
1742664730627740323,0,"array('i', [30874, 15736])"
1742664730667732768,0,"array('i', [31057, 15918])"
1742664730717635018,0,"array('i', [31241, 16100])"
1742664730767855884,0,"array('i', [31426, 16282])"
1742664730817764152,0,"array('i', [31610, 16465])"
1742664730867992332,0,"array('i', [31794, 16646])"
1742664730917657041,0,"array('i', [31977, 16827])"
1742664730967643625,0,"array('i', [32161, 17008])"
1742664731017676580,0,"array('i', [32344, 17190])"
1742664731067615292,0,"array('i', [32527, 17373])"
1742664731117965826,0,"array('i', [32710, 17557])"
1742664731167655738,0,"array('i', [32894, 17741])"
1742664731217634673,0,"array('i', [33077, 17925])"
1742664731267707072,0,"array('i', [33260, 18109])"
1742664731317640488,0,"array('i', [33444, 18292])"
1742664731367997429,0,"array('i', [33629, 18475])"
1742664731417876955,0,"array('i', [33813, 18659])"
1742664731467748110,0,"array('i', [33996, 18842])"
1742664731517654804,0,"array('i', [34180, 19025])"
1742664731567651387,0,"array('i', [34363, 19209])"
1742664731618198238,0,"array('i', [34546, 19392])"
1742664731658317870,0,"array('i', [34729, 19575])"
1742664731707660684,0,"array('i', [34913, 19759])"
1742664731757701564,0,"array('i', [35096, 19942])"
1742664731807651888,0,"array('i', [35279, 20125])"
1742664731857624841,0,"array('i', [35463, 20309])"
1742664731907682203,0,"array('i', [35647, 20493])"
1742664731957759491,0,"array('i', [35832, 20677])"
1742664732007761130,0,"array('i', [36016, 20861])"
1742664732057654100,0,"array('i', [36200, 21044])"
1742664732107664590,0,"array('i', [36385, 21227])"
1742664732157808397,0,"array('i', [36569, 21411])"
1742664732207661922,0,"array('i', [36753, 21595])"
1742664732257666597,0,"array('i', [36938, 21778])"
1742664732307672180,0,"array('i', [37122, 21962])"
1742664732357586650,0,"array('i', [37306, 22146])"
1742664732407751346,0,"array('i', [37490, 22330])"
1742664732457680427,0,"array('i', [37674, 22514])"
1742664732507782382,0,"array('i', [37858, 22698])"
1742664732557618147,0,"array('i', [38040, 22881])"
1742664732607600655,0,"array('i', [38219, 23061])"
1742664732647693749,0,"array('i', [38393, 23236])"
1742664732697687220,0,"array('i', [38559, 23403])"
1742664732747587912,0,"array('i', [38715, 23560])"
1742664732797713848,0,"array('i', [38861, 23707])"
1742664732847732098,0,"array('i', [38996, 23842])"
1742664732897575159,0,"array('i', [39119, 23967])"
1742664732947593686,0,"array('i', [39161, 24150])"
1742664732997605528,0,"array('i', [38911, 24595])"
1742664733047600721,0,"array('i', [38612, 25047])"
1742664733097562617,0,"array('i', [38305, 25495])"
1742664733147776609,0,"array('i', [37999, 25947])"
1742664733198119641,0,"array('i', [37684, 26395])"
1742664733247615381,0,"array('i', [37355, 26830])"
1742664733297658019,0,"array('i', [37015, 27256])"
1742664733347622544,0,"array('i', [36664, 27674])"
1742664733397607292,0,"array('i', [36304, 28085])"
1742664733447650319,0,"array('i', [35937, 28489])"
1742664733497593788,0,"array('i', [35565, 28886])"
1742664733548191713,0,"array('i', [35190, 29279])"
1742664733597642952,0,"array('i', [34811, 29669])"
1742664733638061865,0,"array('i', [34430, 30054])"
1742664733687953037,0,"array('i', [34048, 30438])"
1742664733737636762,0,"array('i', [33662, 30821])"
1742664733787658085,0,"array('i', [33275, 31204])"
1742664733837644036,0,"array('i', [32887, 31586])"
1742664733887588080,0,"array('i', [32498, 31967])"
1742664733937891481,0,"array('i', [32108, 32347])"
1742664733987699912,0,"array('i', [31719, 32726])"
1742664734037639251,0,"array('i', [31330, 33105])"
1742664734087669480,0,"array('i', [30938, 33485])"
1742664734137635486,0,"array('i', [30547, 33864])"
1742664734188142741,0,"array('i', [30157, 34243])"
1742664734237719704,0,"array('i', [29767, 34621])"
1742664734287652191,0,"array('i', [29376, 34999])"
1742664734337675809,0,"array('i', [28985, 35378])"
1742664734387714946,0,"array('i', [28595, 35756])"
1742664734437952901,0,"array('i', [28204, 36134])"
1742664734487721219,0,"array('i', [27814, 36513])"
1742664734537640761,0,"array('i', [27422, 36893])"
1742664734587666360,0,"array('i', [27031, 37273])"
1742664734637629218,0,"array('i', [26641, 37652])"
1742664734687813654,0,"array('i', [26250, 38031])"
1742664734727800133,0,"array('i', [25859, 38409])"
1742664734777587784,0,"array('i', [25469, 38788])"
1742664734827856202,0,"array('i', [25079, 39167])"
1742664734877665521,0,"array('i', [24688, 39546])"
1742664734927617286,0,"array('i', [24297, 39926])"
1742664734977687015,0,"array('i', [23906, 40305])"
1742664735027611743,0,"array('i', [23517, 40684])"
1742664735077915975,0,"array('i', [23127, 41063])"
1742664735127663421,0,"array('i', [22737, 41442])"
1742664735177602037,0,"array('i', [22346, 41821])"
1742664735227684211,0,"array('i', [21956, 42201])"
1742664735277721346,0,"array('i', [21566, 42581])"
1742664735327738982,0,"array('i', [21176, 42961])"
1742664735377634560,0,"array('i', [20787, 43339])"
1742664735427639992,0,"array('i', [20397, 43719])"
1742664735477668924,0,"array('i', [20008, 44099])"
1742664735527669892,0,"array('i', [19619, 44479])"
1742664735577638397,0,"array('i', [19230, 44859])"
1742664735627630162,0,"array('i', [18841, 45239])"
1742664735677630205,0,"array('i', [18452, 45619])"
1742664735727693470,0,"array('i', [18064, 46000])"
1742664735767633670,0,"array('i', [17675, 46381])"
1742664735817584564,0,"array('i', [17286, 46761])"
1742664735867713053,0,"array('i', [16897, 47142])"
1742664735917659595,0,"array('i', [16508, 47521])"
1742664735967608989,0,"array('i', [16119, 47901])"
1742664736017634939,0,"array('i', [15731, 48281])"
1742664736067615591,0,"array('i', [15343, 48661])"
1742664736117661319,0,"array('i', [14955, 49042])"
1742664736167600212,0,"array('i', [14567, 49423])"
1742664736217628643,0,"array('i', [14178, 49805])"
1742664736267670315,0,"array('i', [13790, 50185])"
1742664736317661986,0,"array('i', [13402, 50565])"
1742664736367730695,0,"array('i', [13014, 50945])"
1742664736417618346,0,"array('i', [12626, 51326])"
1742664736467581313,0,"array('i', [12239, 51706])"
1742664736517755691,0,"array('i', [11850, 52087])"
1742664736567609064,0,"array('i', [11462, 52467])"
1742664736617881888,0,"array('i', [11074, 52848])"
1742664736667616240,0,"array('i', [10687, 53229])"
1742664736717641467,0,"array('i', [10299, 53609])"
1742664736767619249,0,"array('i', [9911, 53989])"
1742664736807655320,0,"array('i', [9523, 54370])"
1742664736857653399,0,"array('i', [9135, 54751])"
1742664736907654811,0,"array('i', [8747, 55131])"
1742664736957695409,0,"array('i', [8359, 55511])"
1742664737007906324,0,"array('i', [7972, 55891])"
1742664737057597879,0,"array('i', [7585, 56272])"
1742664737107626901,0,"array('i', [7198, 56653])"
1742664737157714240,0,"array('i', [6810, 57035])"
1742664737207609668,0,"array('i', [6423, 57415])"
1742664737257822990,0,"array('i', [6036, 57796])"
1742664737307659472,0,"array('i', [5650, 58177])"
1742664737357660865,0,"array('i', [5264, 58558])"
1742664737407742166,0,"array('i', [4876, 58939])"
1742664737457678687,0,"array('i', [4488, 59321])"
1742664737507850157,0,"array('i', [4102, 59702])"
1742664737557677380,0,"array('i', [3715, 60083])"
1742664737607651624,0,"array('i', [3328, 60464])"
1742664737657672221,0,"array('i', [2940, 60846])"
1742664737707634854,0,"array('i', [2553, 61227])"
1742664737757890898,0,"array('i', [2165, 61609])"
1742664737807615416,0,"array('i', [1778, 61991])"
1742664737857661569,0,"array('i', [1390, 62371])"
1742664737897862290,0,"array('i', [1002, 62752])"
1742664737947648846,0,"array('i', [614, 63134])"
1742664737997668979,0,"array('i', [227, 63516])"
1742664738047762724,0,"array('i', [65374, 63898])"
1742664738097756801,0,"array('i', [64987, 64280])"
1742664738147786656,0,"array('i', [64601, 64661])"
1742664738197647601,0,"array('i', [64214, 65042])"
1742664738247628863,0,"array('i', [63828, 65425])"
1742664738297671255,0,"array('i', [63440, 271])"
1742664738347623406,0,"array('i', [63053, 653])"
1742664738397750873,0,"array('i', [62667, 1035])"
1742664738447700172,0,"array('i', [62281, 1417])"
1742664738497654785,0,"array('i', [61895, 1799])"
1742664738547678844,0,"array('i', [61509, 2181])"
1742664738597619271,0,"array('i', [61122, 2562])"
1742664738647667256,0,"array('i', [60736, 2945])"
1742664738697673852,0,"array('i', [60349, 3327])"
1742664738747717244,0,"array('i', [59962, 3710])"
1742664738797795507,0,"array('i', [59576, 4091])"
1742664738847749806,0,"array('i', [59191, 4473])"
1742664738897625270,0,"array('i', [58805, 4854])"
1742664738937732562,0,"array('i', [58418, 5236])"
1742664738987658527,0,"array('i', [58031, 5619])"
1742664739037704826,0,"array('i', [57644, 6001])"
1742664739087671031,0,"array('i', [57258, 6383])"
1742664739137601513,0,"array('i', [56872, 6765])"
1742664739187888242,0,"array('i', [56486, 7147])"
1742664739237595980,0,"array('i', [56100, 7528])"
1742664739287691483,0,"array('i', [55713, 7909])"
1742664739337598132,0,"array('i', [55327, 8289])"
1742664739387564763,0,"array('i', [54945, 8665])"
1742664739437701859,0,"array('i', [54570, 9032])"
1742664739487586008,0,"array('i', [54207, 9387])"
1742664739537554305,0,"array('i', [53855, 9731])"
1742664739587592326,0,"array('i', [53517, 10060])"
1742664739637502067,0,"array('i', [53224, 10399])"
1742664739687553774,0,"array('i', [53135, 10831])"
1742664739737528053,0,"array('i', [53126, 11226])"
1742664739787542759,0,"array('i', [53156, 11573])"
1742664739837551427,0,"array('i', [53214, 11885])"
1742664739887541651,0,"array('i', [53298, 12172])"
1742664739937559820,0,"array('i', [53400, 12437])"
1742664739987572822,0,"array('i', [53517, 12681])"
1742664740037504285,0,"array('i', [53651, 12908])"
1742664740077747579,0,"array('i', [53798, 13123])"
1742664740127530243,0,"array('i', [53956, 13329])"
1742664740177521484,0,"array('i', [54121, 13533])"
1742664740227601912,0,"array('i', [54292, 13734])"
1742664740277539135,0,"array('i', [54466, 13933])"
1742664740327707101,0,"array('i', [54642, 14129])"
1742664740377532562,0,"array('i', [54821, 14321])"
1742664740427527896,0,"array('i', [55000, 14508])"
1742664740477551490,0,"array('i', [55180, 14693])"
1742664740527515750,0,"array('i', [55361, 14877])"
1742664740577747569,0,"array('i', [55544, 15061])"
1742664740627543493,0,"array('i', [55727, 15246])"
1742664740677581642,0,"array('i', [55911, 15431])"
1742664740727561810,0,"array('i', [56095, 15615])"
1742664740777538607,0,"array('i', [56280, 15798])"
1742664740827803186,0,"array('i', [56464, 15980])"
1742664740877550886,0,"array('i', [56648, 16161])"
1742664740927549461,0,"array('i', [56831, 16342])"
1742664740977633723,0,"array('i', [57015, 16523])"
1742664741027561407,0,"array('i', [57200, 16706])"
1742664741067537640,0,"array('i', [57384, 16890])"
1742664741117660142,0,"array('i', [57569, 17074])"
1742664741167567918,0,"array('i', [57754, 17258])"
1742664741217653475,0,"array('i', [57939, 17442])"
1742664741267547196,0,"array('i', [58124, 17625])"
1742664741317556529,0,"array('i', [58308, 17807])"
1742664741367612012,0,"array('i', [58493, 17989])"
1742664741417641308,0,"array('i', [58677, 18171])"
1742664741467873812,0,"array('i', [58862, 18352])"
1742664741517699550,0,"array('i', [59047, 18534])"
1742664741567540214,0,"array('i', [59231, 18717])"
1742664741617634197,0,"array('i', [59416, 18901])"
1742664741667592363,0,"array('i', [59600, 19086])"
1742664741717662883,0,"array('i', [59785, 19271])"
1742664741767549955,0,"array('i', [59969, 19455])"
1742664741817676401,0,"array('i', [60154, 19639])"
1742664741867617734,0,"array('i', [60338, 19822])"
1742664741917754921,0,"array('i', [60522, 20005])"
1742664741967648475,0,"array('i', [60706, 20188])"
1742664742017653493,0,"array('i', [60890, 20371])"
1742664742067549305,0,"array('i', [61073, 20554])"
1742664742107542612,0,"array('i', [61257, 20737])"
1742664742157601445,0,"array('i', [61441, 20920])"
1742664742207693557,0,"array('i', [61625, 21102])"
1742664742257623055,0,"array('i', [61809, 21284])"
1742664742307541349,0,"array('i', [61993, 21467])"
1742664742357550644,0,"array('i', [62177, 21650])"
1742664742407594774,0,"array('i', [62361, 21833])"
1742664742457628718,0,"array('i', [62546, 22017])"
1742664742507757960,0,"array('i', [62731, 22201])"
1742664742557882961,0,"array('i', [62915, 22384])"
1742664742607550343,0,"array('i', [63100, 22568])"
1742664742657619436,0,"array('i', [63284, 22751])"
1742664742707554101,0,"array('i', [63468, 22933])"
1742664742757848734,0,"array('i', [63651, 23116])"
1742664742807621155,0,"array('i', [63835, 23298])"
1742664742857575339,0,"array('i', [64020, 23481])"
1742664742907596579,0,"array('i', [64204, 23664])"
1742664742957574430,0,"array('i', [64389, 23848])"
1742664743007637652,0,"array('i', [64573, 24031])"
1742664743057683151,0,"array('i', [64757, 24215])"
1742664743097562732,0,"array('i', [64941, 24400])"
1742664743147958366,0,"array('i', [65126, 24584])"
1742664743197530191,0,"array('i', [65310, 24768])"
1742664743247695395,0,"array('i', [65493, 24951])"
1742664743297629041,0,"array('i', [141, 25133])"
1742664743347594409,0,"array('i', [325, 25316])"
1742664743397846707,0,"array('i', [509, 25499])"
1742664743447586368,0,"array('i', [693, 25683])"
1742664743497646867,0,"array('i', [877, 25866])"
1742664743547618494,0,"array('i', [1060, 26049])"
1742664743597639733,0,"array('i', [1244, 26233])"
1742664743647767789,0,"array('i', [1428, 26417])"
1742664743697547302,0,"array('i', [1612, 26600])"
1742664743747592023,0,"array('i', [1796, 26785])"
1742664743797637800,0,"array('i', [1980, 26969])"
1742664743847551852,0,"array('i', [2165, 27153])"
1742664743897771391,0,"array('i', [2349, 27338])"
1742664743947607442,0,"array('i', [2533, 27521])"
1742664743997535087,0,"array('i', [2717, 27705])"
1742664744047659086,0,"array('i', [2900, 27888])"
1742664744097576527,0,"array('i', [3083, 28071])"
1742664744137515312,0,"array('i', [3266, 28255])"
1742664744187895630,0,"array('i', [3451, 28439])"
1742664744237668568,0,"array('i', [3635, 28624])"
1742664744287679214,0,"array('i', [3820, 28809])"
1742664744337674007,0,"array('i', [4005, 28994])"
1742664744387661634,0,"array('i', [4189, 29179])"
1742664744437713298,0,"array('i', [4371, 29361])"
1742664744487787019,0,"array('i', [4549, 29538])"
1742664744537746923,0,"array('i', [4719, 29707])"
1742664744587674401,0,"array('i', [4881, 29868])"
1742664744637664546,0,"array('i', [5032, 30019])"
1742664744687694951,0,"array('i', [5173, 30158])"
1742664744737625373,0,"array('i', [5303, 30287])"
1742664744787693223,0,"array('i', [5407, 30424])"
1742664744837656331,0,"array('i', [5324, 30709])"
1742664744887630290,0,"array('i', [5057, 31131])"
1742664744937720974,0,"array('i', [4742, 31565])"
1742664744987595729,0,"array('i', [4412, 31989])"
1742664745037649559,0,"array('i', [4072, 32408])"
1742664745087616648,0,"array('i', [3726, 32825])"
1742664745127620156,0,"array('i', [3374, 33236])"
1742664745177625838,0,"array('i', [3015, 33643])"
1742664745227646556,0,"array('i', [2651, 34047])"
1742664745277656016,0,"array('i', [2281, 34447])"
1742664745327808496,0,"array('i', [1907, 34844])"
1742664745377635175,0,"array('i', [1532, 35238])"
1742664745427605559,0,"array('i', [1156, 35629])"
1742664745477651519,0,"array('i', [779, 36016])"
1742664745527621237,0,"array('i', [400, 36402])"
1742664745577868848,0,"array('i', [19, 36789])"
1742664745627633600,0,"array('i', [65172, 37177])"
1742664745677669579,0,"array('i', [64788, 37564])"
1742664745727666167,0,"array('i', [64404, 37951])"
1742664745777641886,0,"array('i', [64020, 38336])"
1742664745827658308,0,"array('i', [63636, 38722])"
1742664745877630952,0,"array('i', [63253, 39106])"
1742664745927578799,0,"array('i', [62870, 39490])"
1742664745977636074,0,"array('i', [62487, 39875])"
1742664746027597940,0,"array('i', [62104, 40261])"
1742664746077716381,0,"array('i', [61720, 40647])"
1742664746117696740,0,"array('i', [61336, 41034])"
1742664746167606660,0,"array('i', [60952, 41419])"
1742664746217834085,0,"array('i', [60570, 41805])"
1742664746267632411,0,"array('i', [60187, 42192])"
1742664746317638758,0,"array('i', [59803, 42578])"
1742664746367626957,0,"array('i', [59420, 42964])"
1742664746417632082,0,"array('i', [59037, 43351])"
1742664746467818117,0,"array('i', [58654, 43737])"
1742664746517676703,0,"array('i', [58272, 44122])"
1742664746567574030,0,"array('i', [57893, 44503])"
1742664746617700675,0,"array('i', [57521, 44878])"
1742664746667599317,0,"array('i', [57158, 45243])"
1742664746717814594,0,"array('i', [56807, 45596])"
1742664746767656476,0,"array('i', [56468, 45936])"
1742664746817634971,0,"array('i', [56144, 46262])"
1742664746868415182,0,"array('i', [55859, 46595])"
1742664746917755630,0,"array('i', [55772, 47023])"
1742664746967916572,0,"array('i', [55763, 47415])"
1742664747017627285,0,"array('i', [55793, 47762])"
1742664747067655169,0,"array('i', [55852, 48073])"
1742664747107753917,0,"array('i', [55936, 48358])"
1742664747157682485,0,"array('i', [56038, 48621])"
1742664747207581774,0,"array('i', [56155, 48864])"
1742664747257793253,0,"array('i', [56289, 49089])"
1742664747307627727,0,"array('i', [56438, 49302])"
1742664747357593739,0,"array('i', [56597, 49508])"
1742664747407621567,0,"array('i', [56762, 49711])"
1742664747457760230,0,"array('i', [56933, 49911])"
1742664747507704983,0,"array('i', [57107, 50110])"
1742664747557633662,0,"array('i', [57284, 50304])"
1742664747607802103,0,"array('i', [57462, 50494])"
1742664747657676559,0,"array('i', [57641, 50680])"
1742664747707667571,0,"array('i', [57819, 50865])"
1742664747757646695,0,"array('i', [57999, 51050])"
1742664747807770043,0,"array('i', [58180, 51234])"
1742664747857652554,0,"array('i', [58363, 51418])"
1742664747907649308,0,"array('i', [58547, 51603])"
1742664747957619728,0,"array('i', [58732, 51788])"
1742664748007798873,0,"array('i', [58916, 51972])"
1742664748057772551,0,"array('i', [59100, 52156])"
1742664748097641907,0,"array('i', [59284, 52338])"
1742664748148048814,0,"array('i', [59466, 52521])"
1742664748197689099,0,"array('i', [59649, 52704])"
1742664748247640036,0,"array('i', [59832, 52887])"
1742664748297694160,0,"array('i', [60015, 53071])"
1742664748347585411,0,"array('i', [60198, 53254])"
1742664748397861483,0,"array('i', [60381, 53438])"
1742664748447662529,0,"array('i', [60565, 53623])"
1742664748497736875,0,"array('i', [60749, 53808])"
1742664748547658053,0,"array('i', [60933, 53993])"
1742664748597654805,0,"array('i', [61116, 54178])"
1742664748647686836,0,"array('i', [61299, 54362])"
1742664748697688089,0,"array('i', [61482, 54545])"
1742664748747582285,0,"array('i', [61665, 54727])"
1742664748797922524,0,"array('i', [61848, 54910])"
1742664748847671514,0,"array('i', [62032, 55092])"
1742664748897960512,0,"array('i', [62215, 55275])"
1742664748947627611,0,"array('i', [62399, 55459])"
1742664748997591123,0,"array('i', [62583, 55642])"
1742664749047671339,0,"array('i', [62766, 55825])"
1742664749087660362,0,"array('i', [62949, 56009])"
1742664749137663411,0,"array('i', [63132, 56191])"
1742664749187680978,0,"array('i', [63315, 56373])"
1742664749237684933,0,"array('i', [63499, 56556])"
1742664749287653073,0,"array('i', [63682, 56739])"
1742664749338196371,0,"array('i', [63867, 56923])"
1742664749388143825,0,"array('i', [64051, 57107])"
1742664749438235486,0,"array('i', [64235, 57291])"
1742664749487662211,0,"array('i', [64418, 57474])"
1742664749537692259,0,"array('i', [64602, 57658])"
1742664749587695437,0,"array('i', [64785, 57841])"
1742664749637657762,0,"array('i', [64967, 58025])"
1742664749687664348,0,"array('i', [65149, 58208])"
1742664749737691415,0,"array('i', [65332, 58392])"
1742664749788041487,0,"array('i', [65515, 58576])"
1742664749837794568,0,"array('i', [162, 58761])"
1742664749887661503,0,"array('i', [346, 58945])"
1742664749937794238,0,"array('i', [530, 59130])"
1742664749988117514,0,"array('i', [714, 59314])"
1742664750028143982,0,"array('i', [897, 59498])"
1742664750078414756,0,"array('i', [1080, 59681])"
1742664750127650939,0,"array('i', [1262, 59864])"
1742664750177626356,0,"array('i', [1445, 60047])"
1742664750227672627,0,"array('i', [1627, 60231])"
1742664750277672729,0,"array('i', [1811, 60415])"
1742664750327760870,0,"array('i', [1994, 60600])"
1742664750377595174,0,"array('i', [2177, 60784])"
1742664750427649130,0,"array('i', [2360, 60969])"
1742664750477675918,0,"array('i', [2543, 61153])"
1742664750527766337,0,"array('i', [2726, 61336])"
1742664750577724773,0,"array('i', [2908, 61519])"
1742664750627747783,0,"array('i', [3090, 61702])"
1742664750677590606,0,"array('i', [3273, 61886])"
1742664750727646506,0,"array('i', [3456, 62070])"
1742664750777729536,0,"array('i', [3640, 62255])"
1742664750827653415,0,"array('i', [3824, 62440])"
1742664750877663981,0,"array('i', [4008, 62625])"
1742664750927641046,0,"array('i', [4192, 62810])"
1742664750977783466,0,"array('i', [4376, 62994])"
1742664751017665117,0,"array('i', [4559, 63178])"
1742664751067717997,0,"array('i', [4741, 63361])"
1742664751117767915,0,"array('i', [4924, 63543])"
1742664751167705701,0,"array('i', [5107, 63727])"
1742664751218004992,0,"array('i', [5292, 63911])"
1742664751267738979,0,"array('i', [5476, 64097])"
1742664751317665209,0,"array('i', [5661, 64283])"
1742664751367795980,0,"array('i', [5846, 64469])"
1742664751417658524,0,"array('i', [6030, 64653])"
1742664751467989038,0,"array('i', [6213, 64837])"
1742664751517707858,0,"array('i', [6395, 65019])"
1742664751567699978,0,"array('i', [6575, 65199])"
1742664751617804286,0,"array('i', [6751, 65377])"
1742664751667730294,0,"array('i', [6922, 14])"
1742664751717972825,0,"array('i', [7086, 180])"
1742664751767774220,0,"array('i', [7242, 338])"
1742664751817670691,0,"array('i', [7388, 487])"
1742664751867711571,0,"array('i', [7522, 625])"
1742664751917666524,0,"array('i', [7645, 750])"
1742664751967992002,0,"array('i', [7770, 854])"
1742664752007735612,0,"array('i', [8049, 791])"
1742664752057628378,0,"array('i', [8483, 545])"
1742664752107907817,0,"array('i', [8939, 252])"
1742664752157669414,0,"array('i', [9391, 65484])"
1742664752207630089,0,"array('i', [9844, 65169])"
1742664752257689135,0,"array('i', [10295, 64842])"
1742664752307599160,0,"array('i', [10739, 64506])"
1742664752357843265,0,"array('i', [11177, 64163])"
1742664752407627492,0,"array('i', [11609, 63815])"
1742664752457664427,0,"array('i', [12036, 63463])"
1742664752507821679,0,"array('i', [12459, 63109])"
1742664752557665259,0,"array('i', [12877, 62752])"
1742664752607760917,0,"array('i', [13290, 62393])"
1742664752657666998,0,"array('i', [13699, 62030])"
1742664752707655728,0,"array('i', [14105, 61664])"
1742664752757803535,0,"array('i', [14509, 61295])"
1742664752807651097,0,"array('i', [14910, 60923])"
1742664752857673124,0,"array('i', [15309, 60549])"
1742664752907681429,0,"array('i', [15706, 60174])"
1742664752957579658,0,"array('i', [16101, 59797])"
1742664752997589661,0,"array('i', [16495, 59419])"
1742664753047681873,0,"array('i', [16888, 59040])"
1742664753097597157,0,"array('i', [17280, 58661])"
1742664753147735260,0,"array('i', [17672, 58280])"
1742664753197622413,0,"array('i', [18063, 57898])"
1742664753247600532,0,"array('i', [18454, 57514])"
1742664753297659577,0,"array('i', [18844, 57131])"
1742664753347606380,0,"array('i', [19233, 56748])"
1742664753398297750,0,"array('i', [19622, 56364])"
1742664753447618932,0,"array('i', [20011, 55980])"
1742664753497604569,0,"array('i', [20399, 55595])"
1742664753547719319,0,"array('i', [20786, 55211])"
1742664753597603065,0,"array('i', [21174, 54825])"
1742664753647667148,0,"array('i', [21562, 54439])"
1742664753697635433,0,"array('i', [21946, 54056])"
1742664753747615680,0,"array('i', [22322, 53680])"
1742664753797666096,0,"array('i', [22688, 53314])"
1742664753847624936,0,"array('i', [23041, 52960])"
1742664753897663129,0,"array('i', [23382, 52618])"
1742664753937692021,0,"array('i', [23708, 52291])"
1742664753987625064,0,"array('i', [24018, 51981])"
1742664754037840908,0,"array('i', [24311, 51687])"
1742664754087626096,0,"array('i', [24586, 51410])"
1742664754137636010,0,"array('i', [24844, 51150])"
1742664754187653017,0,"array('i', [25086, 50906])"
1742664754237604893,0,"array('i', [25311, 50678])"
1742664754287816940,0,"array('i', [25521, 50466])"
1742664754337651092,0,"array('i', [25716, 50268])"
1742664754387598617,0,"array('i', [25895, 50084])"
1742664754437706106,0,"array('i', [26061, 49913])"
1742664754487636019,0,"array('i', [26214, 49754])"
1742664754537941530,0,"array('i', [26357, 49606])"
1742664754587625125,0,"array('i', [26489, 49468])"
1742664754637580797,0,"array('i', [26612, 49339])"
1742664754687672101,0,"array('i', [26724, 49220])"
1742664754737623811,0,"array('i', [26827, 49111])"
1742664754787825543,0,"array('i', [26921, 49010])"
1742664754837674436,0,"array('i', [27008, 48917])"
1742664754887654201,0,"array('i', [27088, 48832])"
1742664754927729852,0,"array('i', [27161, 48754])"
1742664754977669950,0,"array('i', [27228, 48682])"
1742664755027655345,0,"array('i', [27289, 48616])"
1742664755077709389,0,"array('i', [27345, 48556])"
1742664755127770636,0,"array('i', [27396, 48501])"
1742664755177829309,0,"array('i', [27444, 48450])"
1742664755227654368,0,"array('i', [27487, 48403])"
1742664755277787079,0,"array('i', [27526, 48359])"
1742664755327682139,0,"array('i', [27563, 48319])"
1742664755377687793,0,"array('i', [27596, 48282])"
1742664755427703206,0,"array('i', [27627, 48249])"
1742664755477767675,0,"array('i', [27654, 48217])"
1742664755527700810,0,"array('i', [27680, 48189])"
1742664755577709723,0,"array('i', [27704, 48164])"
1742664755627585615,0,"array('i', [27728, 48140])"
1742664755677961979,0,"array('i', [27752, 48116])"
1742664755727659480,0,"array('i', [27776, 48092])"
1742664755777643893,0,"array('i', [27799, 48068])"
1742664755827694954,0,"array('i', [27824, 48044])"
1742664755867695252,0,"array('i', [27848, 48020])"
1742664755917667072,0,"array('i', [27872, 47996])"
1742664755967716152,0,"array('i', [27894, 47972])"
1742664756017657305,0,"array('i', [27919, 47948])"
1742664756067663013,0,"array('i', [27942, 47924])"
1742664756117700130,0,"array('i', [27966, 47900])"
1742664756167650319,0,"array('i', [27990, 47876])"
1742664756217709176,0,"array('i', [28013, 47853])"
1742664756267661125,0,"array('i', [28037, 47828])"
1742664756317681556,0,"array('i', [28060, 47804])"
1742664756367703024,0,"array('i', [28084, 47781])"
1742664756417656546,0,"array('i', [28108, 47757])"
1742664756467727070,0,"array('i', [28131, 47732])"
1742664756517671463,0,"array('i', [28155, 47709])"
1742664756567970158,0,"array('i', [28170, 47692])"
1742664756617673010,0,"array('i', [28170, 47692])"
1742664756667602791,0,"array('i', [28170, 47692])"
1742664756717679779,0,"array('i', [28170, 47692])"
1742664756767650764,0,"array('i', [28170, 47692])"
1742664756817633695,0,"array('i', [28170, 47692])"
1742664756857876254,0,"array('i', [28170, 47692])"
1742664756907659348,0,"array('i', [28170, 47692])"
1742664756957564462,0,"array('i', [28170, 47692])"
1742664757007654487,0,"array('i', [28170, 47692])"
1742664757057728770,0,"array('i', [28170, 47692])"
1742664757107882276,0,"array('i', [28170, 47692])"
1742664757157594553,0,"array('i', [28170, 47692])"
1742664757207593631,0,"array('i', [28170, 47692])"
1742664757257625802,0,"array('i', [28170, 47692])"
1742664757307592324,0,"array('i', [28170, 47692])"
1742664757357793571,0,"array('i', [28170, 47692])"
1742664757407670444,0,"array('i', [28170, 47692])"
1742664757457582391,0,"array('i', [28170, 47692])"
1742664757507676544,0,"array('i', [28170, 47692])"
1742664757557576194,0,"array('i', [28170, 47692])"
1742664757607763868,0,"array('i', [28170, 47692])"
1742664757657599906,0,"array('i', [28170, 47692])"
1742664757707619892,0,"array('i', [28170, 47692])"
1742664757747655707,0,"array('i', [28170, 47692])"
1742664757797674822,0,"array('i', [28170, 47692])"
1742664757847682215,0,"array('i', [28170, 47692])"
1742664757897660051,0,"array('i', [28170, 47692])"
1742664757947728334,0,"array('i', [28170, 47692])"
1742664757997729838,0,"array('i', [28170, 47692])"
1742664758047630821,0,"array('i', [28170, 47692])"
1742664758097580638,0,"array('i', [28170, 47692])"
1742664758147747199,0,"array('i', [28170, 47692])"
1742664758197619070,0,"array('i', [28170, 47692])"
1742664758247654296,0,"array('i', [28170, 47692])"
1742664758297663225,0,"array('i', [28170, 47692])"
1742664758347608949,0,"array('i', [28170, 47692])"
1742664758397676120,0,"array('i', [28170, 47692])"
1742664758447611585,0,"array('i', [28170, 47692])"
1742664758497638662,0,"array('i', [28170, 47692])"
1742664758547655887,0,"array('i', [28170, 47692])"
1742664758597587056,0,"array('i', [28170, 47692])"
1742664758647703653,0,"array('i', [28170, 47692])"
1742664758697727546,0,"array('i', [28170, 47692])"
1742664758739384977,0,"array('i', [28170, 47692])"
1742664758787636305,0,"array('i', [28170, 47692])"
1742664758837643364,0,"array('i', [28170, 47692])"
1742664758887634533,0,"array('i', [28170, 47692])"
1742664758937673740,0,"array('i', [28170, 47692])"
1742664758987580594,0,"array('i', [28170, 47692])"
1742664759037669579,0,"array('i', [28170, 47692])"
1742664759087660636,0,"array('i', [28170, 47692])"
1742664759137657934,0,"array('i', [28170, 47692])"
1742664759187636825,0,"array('i', [28170, 47692])"
1742664759237623364,0,"array('i', [28170, 47692])"
1742664759287641255,0,"array('i', [28170, 47692])"
1742664759337629201,0,"array('i', [28170, 47692])"
1742664759387584554,0,"array('i', [28170, 47692])"
1742664759437629279,0,"array('i', [28170, 47692])"
1742664759487594114,0,"array('i', [28170, 47692])"
1742664759537711544,0,"array('i', [28170, 47692])"
1742664759587598100,0,"array('i', [28170, 47692])"
1742664759637606139,0,"array('i', [28170, 47692])"
1742664759677880882,0,"array('i', [28170, 47692])"
1742664759727640880,0,"array('i', [28170, 47692])"
1742664759777648993,0,"array('i', [28170, 47692])"
1742664759827692718,0,"array('i', [28170, 47692])"
1742664759877664090,0,"array('i', [28170, 47692])"
1742664759927909300,0,"array('i', [28170, 47692])"
1742664759977708317,0,"array('i', [28170, 47692])"
1742664760027622947,0,"array('i', [28170, 47692])"
1742664760077672301,0,"array('i', [28170, 47692])"
1742664760127612097,0,"array('i', [28170, 47692])"
1742664760177914325,0,"array('i', [28170, 47692])"
1742664760227702953,0,"array('i', [28170, 47692])"
1742664760277671065,0,"array('i', [28170, 47692])"
1742664760327632176,0,"array('i', [28170, 47692])"
1742664760377687623,0,"array('i', [28170, 47692])"
1742664760427794755,0,"array('i', [28170, 47692])"
1742664760477885832,0,"array('i', [28170, 47692])"
1742664760527609458,0,"array('i', [28170, 47692])"
1742664760577710553,0,"array('i', [28170, 47692])"
1742664760617692532,0,"array('i', [28170, 47692])"
1742664760667660755,0,"array('i', [28170, 47692])"
1742664760717702608,0,"array('i', [28170, 47692])"
1742664760767669090,0,"array('i', [28170, 47692])"
1742664760817716555,0,"array('i', [28170, 47692])"
1742664760867672426,0,"array('i', [28170, 47692])"
1742664760917688538,0,"array('i', [28170, 47692])"
1742664760967650095,0,"array('i', [28170, 47692])"
1742664761017671929,0,"array('i', [28170, 47692])"
1742664761067656651,0,"array('i', [28170, 47692])"
1742664761117693597,0,"array('i', [28170, 47692])"
1742664761167602410,0,"array('i', [28170, 47692])"
1742664761217720727,0,"array('i', [28170, 47692])"
1742664761267647726,0,"array('i', [28170, 47692])"
1742664761317723302,0,"array('i', [28170, 47692])"
1742664761367599985,0,"array('i', [28170, 47692])"
1742664761417658097,0,"array('i', [28170, 47692])"
1742664761467666116,0,"array('i', [28170, 47692])"
1742664761517657413,0,"array('i', [28170, 47692])"
1742664761557637612,0,"array('i', [28170, 47692])"
1742664761607769948,0,"array('i', [28170, 47692])"
1742664761657737077,0,"array('i', [28170, 47692])"
1742664761707619335,0,"array('i', [28170, 47692])"
1742664761757795857,0,"array('i', [28170, 47692])"
1742664761807718374,0,"array('i', [28170, 47692])"
1742664761857670744,0,"array('i', [28170, 47692])"
1742664761907724023,0,"array('i', [28170, 47692])"
1742664761957661670,0,"array('i', [28170, 47692])"
1742664762007620355,0,"array('i', [28170, 47692])"
1742664762057624688,0,"array('i', [28170, 47692])"
1742664762107760170,0,"array('i', [28170, 47692])"
1742664762157708854,0,"array('i', [28170, 47692])"
1742664762207620408,0,"array('i', [28170, 47692])"
1742664762257692501,0,"array('i', [28170, 47692])"
1742664762307642703,0,"array('i', [28170, 47692])"
1742664762357793464,0,"array('i', [28170, 47692])"
1742664762407624368,0,"array('i', [28170, 47692])"
1742664762457629682,0,"array('i', [28170, 47692])"
1742664762497721420,0,"array('i', [28170, 47692])"
1742664762547647363,0,"array('i', [28170, 47692])"
1742664762597591454,0,"array('i', [28170, 47692])"
1742664762647655454,0,"array('i', [28170, 47692])"
1742664762697637120,0,"array('i', [28170, 47692])"
1742664762747799270,0,"array('i', [28170, 47692])"
1742664762797651286,0,"array('i', [28170, 47692])"
1742664762847660896,0,"array('i', [28170, 47692])"
1742664762897669914,0,"array('i', [28170, 47692])"
1742664762947629691,0,"array('i', [28170, 47692])"
1742664762997802341,0,"array('i', [28170, 47692])"
1742664763047654856,0,"array('i', [28170, 47692])"
1742664763097650632,0,"array('i', [28170, 47692])"
1742664763147941653,0,"array('i', [28170, 47692])"
1742664763197581405,0,"array('i', [28170, 47692])"
1742664763247868964,0,"array('i', [28170, 47692])"
1742664763297708441,0,"array('i', [28170, 47692])"
1742664763347660161,0,"array('i', [28170, 47692])"
1742664763397666178,0,"array('i', [28170, 47692])"
1742664763437674858,0,"array('i', [28170, 47692])"
1742664763487668098,0,"array('i', [28170, 47692])"
1742664763537704171,0,"array('i', [28170, 47692])"
1742664763587671409,0,"array('i', [28170, 47692])"
1742664763637671352,0,"array('i', [28170, 47692])"
1742664763687660702,0,"array('i', [28170, 47692])"
1742664763737659349,0,"array('i', [28170, 47692])"
1742664763787692903,0,"array('i', [28170, 47692])"
1742664763837700994,0,"array('i', [28170, 47692])"
1742664763887751383,0,"array('i', [28170, 47692])"
1742664763937680121,0,"array('i', [28170, 47692])"
1742664763987727472,0,"array('i', [28170, 47692])"
1742664764037819582,0,"array('i', [28170, 47692])"
1742664764087710652,0,"array('i', [28170, 47692])"
1742664764137679890,0,"array('i', [28170, 47692])"
1742664764187673313,0,"array('i', [28170, 47692])"
1742664764237743330,0,"array('i', [28170, 47692])"
1742664764287760198,0,"array('i', [28170, 47692])"
1742664764337668417,0,"array('i', [28170, 47692])"
1742664764377684985,0,"array('i', [28170, 47692])"
1742664764427716076,0,"array('i', [28170, 47692])"
1742664764477687110,0,"array('i', [28170, 47692])"
1742664764527695849,0,"array('i', [28170, 47692])"
1742664764577623919,0,"array('i', [28170, 47692])"
1742664764627644010,0,"array('i', [28170, 47692])"
1742664764677920697,0,"array('i', [28170, 47692])"
1742664764727643264,0,"array('i', [28170, 47692])"
1742664764777600446,0,"array('i', [28170, 47692])"
1742664764827639796,0,"array('i', [28170, 47692])"
1742664764877654460,0,"array('i', [28170, 47692])"
1742664764927774386,0,"array('i', [28170, 47692])"
1742664764977620733,0,"array('i', [28170, 47692])"
1742664765027668657,0,"array('i', [28170, 47692])"
1742664765077833267,0,"array('i', [28170, 47692])"
1742664765127787263,0,"array('i', [28170, 47692])"
1742664765178128116,0,"array('i', [28170, 47692])"
1742664765227656236,0,"array('i', [28170, 47692])"
1742664765267989808,0,"array('i', [28170, 47692])"
1742664765318058047,0,"array('i', [28170, 47692])"
1742664765367692760,0,"array('i', [28170, 47692])"
1742664765417791221,0,"array('i', [28170, 47692])"
1742664765467758773,0,"array('i', [28170, 47692])"
1742664765517691250,0,"array('i', [28170, 47692])"
1742664765567933269,0,"array('i', [28170, 47692])"
1742664765617604353,0,"array('i', [28170, 47692])"
1742664765667695759,0,"array('i', [28170, 47692])"
1742664765717764775,0,"array('i', [28170, 47692])"
1742664765767682159,0,"array('i', [28170, 47692])"
1742664765817891640,0,"array('i', [28170, 47692])"
1742664765867628911,0,"array('i', [28170, 47692])"
1742664765917675871,0,"array('i', [28170, 47692])"
1742664765967665423,0,"array('i', [28170, 47692])"
1742664766017664642,0,"array('i', [28170, 47692])"
1742664766067843140,0,"array('i', [28170, 47692])"
1742664766117673356,0,"array('i', [28170, 47692])"
1742664766167598758,0,"array('i', [28170, 47692])"
1742664766207630992,0,"array('i', [28170, 47692])"
1742664766257638358,0,"array('i', [28170, 47692])"
1742664766307624520,0,"array('i', [28170, 47692])"
1742664766357712666,0,"array('i', [28170, 47692])"
1742664766407609438,0,"array('i', [28170, 47692])"
1742664766458177368,0,"array('i', [28170, 47692])"
1742664766507650411,0,"array('i', [28170, 47692])"
1742664766557658611,0,"array('i', [28170, 47692])"
1742664766607794738,0,"array('i', [28170, 47692])"
1742664766657656714,0,"array('i', [28170, 47692])"
1742664766707691395,0,"array('i', [28170, 47692])"
1742664766757628131,0,"array('i', [28170, 47692])"
1742664766807651238,0,"array('i', [28170, 47692])"
1742664766857645604,0,"array('i', [28170, 47692])"
1742664766907688193,0,"array('i', [28170, 47692])"
1742664766957667503,0,"array('i', [28170, 47692])"
1742664767007611665,0,"array('i', [28170, 47692])"
1742664767057596974,0,"array('i', [28170, 47692])"
1742664767097638930,0,"array('i', [28170, 47692])"
1742664767147648573,0,"array('i', [28170, 47692])"
1742664767197607160,0,"array('i', [28170, 47692])"
1742664767247724731,0,"array('i', [28170, 47692])"
1742664767297686855,0,"array('i', [28170, 47692])"
1742664767347738461,0,"array('i', [28170, 47692])"
1742664767397744327,0,"array('i', [28170, 47692])"
1742664767447672228,0,"array('i', [28170, 47692])"
1742664767497863411,0,"array('i', [28170, 47692])"
1742664767547638569,0,"array('i', [28170, 47692])"
1742664767597648564,0,"array('i', [28170, 47692])"
1742664767647679504,0,"array('i', [28170, 47692])"
1742664767697657461,0,"array('i', [28170, 47692])"
1742664767747684734,0,"array('i', [28170, 47692])"
1742664767797604154,0,"array('i', [28170, 47692])"
1742664767847624446,0,"array('i', [28170, 47692])"
1742664767897630385,0,"array('i', [28170, 47692])"
1742664767947631213,0,"array('i', [28170, 47692])"
1742664767997826341,0,"array('i', [28170, 47692])"
1742664768047803112,0,"array('i', [28170, 47692])"
1742664768087688954,0,"array('i', [28170, 47692])"
1742664768137914655,0,"array('i', [28170, 47692])"
1742664768187760980,0,"array('i', [28170, 47692])"
1742664768237577693,0,"array('i', [28170, 47692])"
1742664768287614799,0,"array('i', [28170, 47692])"
1742664768337669479,0,"array('i', [28170, 47692])"
1742664768388364465,0,"array('i', [28170, 47692])"
1742664768437679893,0,"array('i', [28170, 47692])"
1742664768487581663,0,"array('i', [28170, 47692])"
1742664768537656547,0,"array('i', [28170, 47692])"
1742664768587674060,0,"array('i', [28170, 47692])"
1742664768638070912,0,"array('i', [28170, 47692])"
1742664768687654326,0,"array('i', [28170, 47692])"
1742664768737673375,0,"array('i', [28170, 47692])"
1742664768787659073,0,"array('i', [28170, 47692])"
1742664768837663567,0,"array('i', [28170, 47692])"
1742664768887895935,0,"array('i', [28170, 47692])"
1742664768937676537,0,"array('i', [28170, 47692])"
1742664768987624697,0,"array('i', [28170, 47692])"
1742664769027644984,0,"array('i', [28170, 47692])"
1742664769077655496,0,"array('i', [28170, 47692])"
1742664769127662471,0,"array('i', [28170, 47692])"
1742664769177674946,0,"array('i', [28170, 47692])"
1742664769227646012,0,"array('i', [28170, 47692])"
1742664769277627598,0,"array('i', [28170, 47692])"
1742664769327729759,0,"array('i', [28170, 47692])"
1742664769377940829,0,"array('i', [28170, 47692])"
1742664769427765450,0,"array('i', [28170, 47692])"
1742664769478290821,0,"array('i', [28170, 47692])"
1742664769527829140,0,"array('i', [28170, 47692])"
1742664769577707780,0,"array('i', [28170, 47692])"
1742664769627648791,0,"array('i', [28170, 47692])"
1742664769677724877,0,"array('i', [28170, 47692])"
1742664769727685240,0,"array('i', [28170, 47692])"
1742664769777668511,0,"array('i', [28170, 47692])"
1742664769827633911,0,"array('i', [28170, 47692])"
1742664769877661442,0,"array('i', [28170, 47692])"
1742664769927655120,0,"array('i', [28170, 47692])"
1742664769977637853,0,"array('i', [28170, 47692])"
1742664770017607121,0,"array('i', [28170, 47692])"
1742664770067821691,0,"array('i', [28170, 47692])"
1742664770117676051,0,"array('i', [28170, 47692])"
1742664770167583097,0,"array('i', [28170, 47692])"
1742664770217674887,0,"array('i', [28170, 47692])"
1742664770267603323,0,"array('i', [28170, 47692])"
1742664770317882986,0,"array('i', [28170, 47692])"
1742664770367697809,0,"array('i', [28170, 47692])"
1742664770417734005,0,"array('i', [28170, 47692])"
1742664770467657182,0,"array('i', [28170, 47692])"
1742664770517645526,0,"array('i', [28170, 47692])"
1742664770567784761,0,"array('i', [28170, 47692])"
1742664770617659918,0,"array('i', [28170, 47692])"
1742664770667575372,0,"array('i', [28170, 47692])"
1742664770717665643,0,"array('i', [28170, 47692])"
1742664770767630987,0,"array('i', [28170, 47692])"
1742664770817763184,0,"array('i', [28170, 47692])"
1742664770867672953,0,"array('i', [28170, 47692])"
1742664770917671038,0,"array('i', [28170, 47692])"
1742664770957656213,0,"array('i', [28170, 47692])"
1742664771007688557,0,"array('i', [28170, 47692])"
1742664771057697882,0,"array('i', [28170, 47692])"
1742664771107660058,0,"array('i', [28170, 47692])"
1742664771157606271,0,"array('i', [28170, 47692])"
1742664771207677134,0,"array('i', [28170, 47692])"
1742664771257632273,0,"array('i', [28170, 47692])"
1742664771307594449,0,"array('i', [28170, 47692])"
1742664771357666200,0,"array('i', [28170, 47692])"
1742664771407632228,0,"array('i', [28170, 47692])"
1742664771458164542,0,"array('i', [28170, 47692])"
1742664771507668008,0,"array('i', [28170, 47692])"
1742664771557629480,0,"array('i', [28170, 47692])"
1742664771607698546,0,"array('i', [28170, 47692])"
1742664771657771280,0,"array('i', [28170, 47692])"
1742664771707821957,0,"array('i', [28170, 47692])"
1742664771757681687,0,"array('i', [28170, 47692])"
1742664771807762420,0,"array('i', [28170, 47692])"
1742664771857788097,0,"array('i', [28170, 47692])"
1742664771897684992,0,"array('i', [28170, 47692])"
1742664771947745577,0,"array('i', [28170, 47692])"
1742664771997679975,0,"array('i', [28170, 47692])"
1742664772047587446,0,"array('i', [28170, 47692])"
1742664772097628381,0,"array('i', [28170, 47692])"
1742664772147662428,0,"array('i', [28170, 47692])"
1742664772197624621,0,"array('i', [28170, 47692])"
1742664772247689613,0,"array('i', [28170, 47692])"
1742664772297660344,0,"array('i', [28170, 47692])"
1742664772347615111,0,"array('i', [28170, 47692])"
1742664772397711140,0,"array('i', [28170, 47692])"
1742664772447633555,0,"array('i', [28170, 47692])"
1742664772497724214,0,"array('i', [28170, 47692])"
1742664772547647166,0,"array('i', [28170, 47692])"
1742664772597603397,0,"array('i', [28170, 47692])"
1742664772647657295,0,"array('i', [28170, 47692])"
1742664772697808770,0,"array('i', [28170, 47692])"
1742664772747719648,0,"array('i', [28170, 47692])"
1742664772797656119,0,"array('i', [28170, 47692])"
1742664772837645663,0,"array('i', [28170, 47692])"
1742664772887892861,0,"array('i', [28170, 47692])"
1742664772937660422,0,"array('i', [28170, 47692])"
1742664772987666968,0,"array('i', [28170, 47692])"
1742664773037673513,0,"array('i', [28170, 47692])"
1742664773087637817,0,"array('i', [28170, 47692])"
1742664773137887107,0,"array('i', [28170, 47692])"
1742664773187614963,0,"array('i', [28170, 47692])"
1742664773237626897,0,"array('i', [28170, 47692])"
1742664773287683758,0,"array('i', [28170, 47692])"
1742664773337710840,0,"array('i', [28170, 47692])"
1742664773388288913,0,"array('i', [28170, 47692])"
1742664773437699968,0,"array('i', [28170, 47692])"
1742664773487633252,0,"array('i', [28170, 47692])"
1742664773537697502,0,"array('i', [28170, 47692])"
1742664773587652399,0,"array('i', [28170, 47692])"
1742664773637822520,0,"array('i', [28170, 47692])"
1742664773687606673,0,"array('i', [28170, 47692])"
1742664773737674386,0,"array('i', [28170, 47692])"
1742664773777792561,0,"array('i', [28170, 47692])"
1742664773827613381,0,"array('i', [28170, 47692])"
1742664773877644705,0,"array('i', [28170, 47692])"
1742664773927637583,0,"array('i', [28170, 47692])"
1742664773977621869,0,"array('i', [28170, 47692])"
1742664774027788509,0,"array('i', [28170, 47692])"
1742664774077605106,0,"array('i', [28170, 47692])"
1742664774127626354,0,"array('i', [28170, 47692])"
1742664774177701233,0,"array('i', [28170, 47692])"
1742664774227661721,0,"array('i', [28170, 47692])"
1742664774277879546,0,"array('i', [28170, 47692])"
1742664774327590531,0,"array('i', [28170, 47692])"
1742664774377704966,0,"array('i', [28170, 47692])"
1742664774427726418,0,"array('i', [28170, 47692])"
1742664774477692610,0,"array('i', [28170, 47692])"
1742664774527913694,0,"array('i', [28170, 47692])"
1742664774577676790,0,"array('i', [28170, 47692])"
1742664774627692816,0,"array('i', [28170, 47692])"
1742664774677703805,0,"array('i', [28170, 47692])"
1742664774727679905,0,"array('i', [28170, 47692])"
1742664774767717226,0,"array('i', [28170, 47692])"
1742664774817663510,0,"array('i', [28170, 47692])"
1742664774867632832,0,"array('i', [28170, 47692])"
1742664774917617820,0,"array('i', [28170, 47692])"
1742664774967719514,0,"array('i', [28170, 47692])"
1742664775017638150,0,"array('i', [28170, 47692])"
1742664775067812381,0,"array('i', [28170, 47692])"
1742664775117654903,0,"array('i', [28170, 47692])"
1742664775167650613,0,"array('i', [28170, 47692])"
1742664775217669213,0,"array('i', [28170, 47692])"
1742664775267683664,0,"array('i', [28170, 47692])"
1742664775317715985,0,"array('i', [28170, 47692])"
1742664775367686065,0,"array('i', [28170, 47692])"
1742664775417624460,0,"array('i', [28170, 47692])"
1742664775467788987,0,"array('i', [28170, 47692])"
1742664775517642380,0,"array('i', [28170, 47692])"
1742664775567794074,0,"array('i', [28170, 47692])"
1742664775617646245,0,"array('i', [28170, 47692])"
1742664775657683639,0,"array('i', [28170, 47692])"
1742664775707841555,0,"array('i', [28170, 47692])"
1742664775757666355,0,"array('i', [28170, 47692])"
1742664775807642491,0,"array('i', [28170, 47692])"
1742664775857654572,0,"array('i', [28170, 47692])"
1742664775907597485,0,"array('i', [28170, 47692])"
1742664775957919663,0,"array('i', [28170, 47692])"
1742664776007598979,0,"array('i', [28170, 47692])"
1742664776057575003,0,"array('i', [28170, 47692])"
1742664776108274055,0,"array('i', [28170, 47692])"
1742664776157695701,0,"array('i', [28170, 47692])"
1742664776208005433,0,"array('i', [28170, 47692])"
1742664776257706119,0,"array('i', [28170, 47692])"
1742664776307676883,0,"array('i', [28170, 47692])"
1742664776357729482,0,"array('i', [28170, 47692])"
1742664776407679283,0,"array('i', [28170, 47692])"
1742664776457790142,0,"array('i', [28170, 47692])"
1742664776507666979,0,"array('i', [28170, 47692])"
1742664776557708300,0,"array('i', [28170, 47692])"
1742664776607688250,0,"array('i', [28170, 47692])"
1742664776647690421,0,"array('i', [28170, 47692])"
1742664776697601333,0,"array('i', [28170, 47692])"
1742664776747674710,0,"array('i', [28170, 47692])"
1742664776797662252,0,"array('i', [28170, 47692])"
1742664776847869057,0,"array('i', [28170, 47692])"
1742664776897679300,0,"array('i', [28170, 47692])"
1742664776948194925,0,"array('i', [28170, 47692])"
1742664776997712997,0,"array('i', [28170, 47692])"
1742664777047649834,0,"array('i', [28170, 47692])"
1742664777097952602,0,"array('i', [28170, 47692])"
1742664777147736474,0,"array('i', [28170, 47692])"
1742664777197701812,0,"array('i', [28170, 47692])"
1742664777247811836,0,"array('i', [28170, 47692])"
1742664777297714654,0,"array('i', [28170, 47692])"
1742664777347999311,0,"array('i', [28170, 47692])"
1742664777397784461,0,"array('i', [28170, 47692])"
1742664777447694835,0,"array('i', [28170, 47692])"
1742664777497712025,0,"array('i', [28170, 47692])"
1742664777547699307,0,"array('i', [28170, 47692])"
1742664777587716292,0,"array('i', [28170, 47692])"
1742664777637936374,0,"array('i', [28170, 47692])"
1742664777687733191,0,"array('i', [28170, 47692])"
1742664777737661343,0,"array('i', [28170, 47692])"
1742664777787693051,0,"array('i', [28170, 47692])"
1742664777837679037,0,"array('i', [28170, 47692])"
1742664777887744913,0,"array('i', [28170, 47692])"
1742664777937919661,0,"array('i', [28170, 47692])"
1742664777987727089,0,"array('i', [28170, 47692])"
1742664778037687389,0,"array('i', [28170, 47692])"
1742664778087608206,0,"array('i', [28170, 47692])"
1742664778137761934,0,"array('i', [28170, 47692])"
1742664778187739530,0,"array('i', [28170, 47692])"
1742664778237655792,0,"array('i', [28170, 47692])"
1742664778287729038,0,"array('i', [28170, 47692])"
1742664778337667263,0,"array('i', [28170, 47692])"
1742664778387767546,0,"array('i', [28170, 47692])"
1742664778437625696,0,"array('i', [28170, 47692])"
1742664778487597847,0,"array('i', [28170, 47692])"
1742664778527974504,0,"array('i', [28170, 47692])"
1742664778577671892,0,"array('i', [28170, 47692])"
1742664778627705211,0,"array('i', [28170, 47692])"
1742664778677656918,0,"array('i', [28170, 47692])"
1742664778727747942,0,"array('i', [28170, 47692])"
1742664778777879169,0,"array('i', [28170, 47692])"
1742664778827685485,0,"array('i', [28170, 47692])"
1742664778877599265,0,"array('i', [28170, 47692])"
1742664778927689289,0,"array('i', [28170, 47692])"
1742664778977621810,0,"array('i', [28170, 47692])"
1742664779027862114,0,"array('i', [28170, 47692])"
1742664779077794912,0,"array('i', [28170, 47692])"
1742664779127765488,0,"array('i', [28170, 47692])"
1742664779177679379,0,"array('i', [28170, 47692])"
1742664779227664993,0,"array('i', [28170, 47692])"
1742664779277962722,0,"array('i', [28170, 47692])"
1742664779327682610,0,"array('i', [28170, 47692])"
1742664779377595334,0,"array('i', [28170, 47692])"
1742664779417872321,0,"array('i', [28170, 47692])"
1742664779467717822,0,"array('i', [28170, 47692])"
1742664779517678491,0,"array('i', [28170, 47692])"
1742664779567692624,0,"array('i', [28170, 47692])"
1742664779617690256,0,"array('i', [28170, 47692])"
1742664779667691741,0,"array('i', [28170, 47692])"
1742664779717659280,0,"array('i', [28170, 47692])"
1742664779767730932,0,"array('i', [28170, 47692])"
1742664779817744380,0,"array('i', [28170, 47692])"
1742664779867590399,0,"array('i', [28170, 47692])"
1742664779917847220,0,"array('i', [28170, 47692])"
1742664779967672387,0,"array('i', [28170, 47692])"
1742664780017680890,0,"array('i', [28170, 47692])"
1742664780067715152,0,"array('i', [28170, 47692])"
1742664780117685524,0,"array('i', [28170, 47692])"
1742664780167656766,0,"array('i', [28170, 47692])"
1742664780217655750,0,"array('i', [28170, 47692])"
1742664780267679993,0,"array('i', [28170, 47692])"
1742664780317707847,0,"array('i', [28170, 47692])"
1742664780367617255,0,"array('i', [28170, 47692])"
1742664780407747870,0,"array('i', [28170, 47692])"
1742664780457727983,0,"array('i', [28170, 47692])"
1742664780507630224,0,"array('i', [28170, 47692])"
1742664780557639986,0,"array('i', [28170, 47692])"
1742664780607672951,0,"array('i', [28170, 47692])"
1742664780657649657,0,"array('i', [28170, 47692])"
1742664780707729215,0,"array('i', [28170, 47692])"
1742664780757632086,0,"array('i', [28170, 47692])"
1742664780807742553,0,"array('i', [28170, 47692])"
1742664780857854631,0,"array('i', [28170, 47692])"
1742664780907650778,0,"array('i', [28170, 47692])"
1742664780957784078,0,"array('i', [28170, 47692])"
1742664781007630485,0,"array('i', [28170, 47692])"
1742664781058203106,0,"array('i', [28170, 47692])"
1742664781107754397,0,"array('i', [28170, 47692])"
1742664781157659823,0,"array('i', [28170, 47692])"
1742664781207802770,0,"array('i', [28170, 47692])"
1742664781257590416,0,"array('i', [28170, 47692])"
1742664781307598251,0,"array('i', [28170, 47692])"
1742664781347883108,0,"array('i', [28170, 47692])"
1742664781397628142,0,"array('i', [28170, 47692])"
1742664781448102947,0,"array('i', [28170, 47692])"
1742664781497693331,0,"array('i', [28170, 47692])"
1742664781547787426,0,"array('i', [28170, 47692])"
1742664781597791761,0,"array('i', [28170, 47692])"
1742664781647648982,0,"array('i', [28170, 47692])"
1742664781697569519,0,"array('i', [28170, 47692])"
1742664781747686170,0,"array('i', [28170, 47692])"
1742664781797597170,0,"array('i', [28170, 47692])"
1742664781847787970,0,"array('i', [28170, 47692])"
1742664781897835102,0,"array('i', [28170, 47692])"
1742664781947608192,0,"array('i', [28170, 47692])"
1742664781997737066,0,"array('i', [28170, 47692])"
1742664782047643731,0,"array('i', [28170, 47692])"
1742664782097889180,0,"array('i', [28170, 47692])"
1742664782147760363,0,"array('i', [28170, 47692])"
1742664782197602639,0,"array('i', [28170, 47692])"
1742664782247660418,0,"array('i', [28170, 47692])"
1742664782287678030,0,"array('i', [28170, 47692])"
1742664782337755031,0,"array('i', [28170, 47692])"
1742664782387676364,0,"array('i', [28170, 47692])"
1742664782437617882,0,"array('i', [28170, 47692])"
1742664782487839070,0,"array('i', [28170, 47692])"
1742664782537642827,0,"array('i', [28170, 47692])"
1742664782587637086,0,"array('i', [28170, 47692])"
1742664782637671421,0,"array('i', [28170, 47692])"
1742664782687679458,0,"array('i', [28170, 47692])"
1742664782737715737,0,"array('i', [28170, 47692])"
1742664782787684385,0,"array('i', [28170, 47692])"
1742664782837619014,0,"array('i', [28170, 47692])"
1742664782887885462,0,"array('i', [28170, 47692])"
1742664782937699738,0,"array('i', [28170, 47692])"
1742664782987786202,0,"array('i', [28170, 47692])"
1742664783037655219,0,"array('i', [28170, 47692])"
1742664783087639533,0,"array('i', [28170, 47692])"
1742664783137690866,0,"array('i', [28170, 47692])"
1742664783187669069,0,"array('i', [28170, 47692])"
1742664783227674957,0,"array('i', [28170, 47692])"
1742664783277722828,0,"array('i', [28170, 47692])"
1742664783327697420,0,"array('i', [28170, 47692])"
1742664783377636455,0,"array('i', [28170, 47692])"
1742664783427656881,0,"array('i', [28170, 47692])"
1742664783477656066,0,"array('i', [28170, 47692])"
1742664783527707992,0,"array('i', [28170, 47692])"
1742664783577730843,0,"array('i', [28170, 47692])"
1742664783627630156,0,"array('i', [28170, 47692])"
1742664783677639322,0,"array('i', [28170, 47692])"
1742664783727635155,0,"array('i', [28170, 47692])"
1742664783777663007,0,"array('i', [28170, 47692])"
1742664783827638932,0,"array('i', [28170, 47692])"
1742664783877619820,0,"array('i', [28170, 47692])"
1742664783927696339,0,"array('i', [28170, 47692])"
1742664783977640801,0,"array('i', [28170, 47692])"
1742664784027743357,0,"array('i', [28170, 47692])"
1742664784077768226,0,"array('i', [28170, 47692])"
1742664784117756780,0,"array('i', [28170, 47692])"
1742664784167948411,0,"array('i', [28170, 47692])"
1742664784217692128,0,"array('i', [28170, 47692])"
1742664784267665441,0,"array('i', [28170, 47692])"
1742664784317648606,0,"array('i', [28170, 47692])"
1742664784367734532,0,"array('i', [28170, 47692])"
1742664784418014479,0,"array('i', [28170, 47692])"
1742664784467744918,0,"array('i', [28170, 47692])"
1742664784517763473,0,"array('i', [28170, 47692])"
1742664784567746249,0,"array('i', [28170, 47692])"
