timestamp,header.stamp.sec,header.stamp.nanosec,header.frame_id,magnetic_field.x,magnetic_field.y,magnetic_field.z,magnetic_field_covariance
1742662962073064401,1742662962,56159438,imu_link,5.625,31.0625,-25.875,[0. 0. 0. 0. 0. 0. 0. 0. 0.]
1742662962080050395,1742662962,75477258,imu_link,5.625,31.0625,-25.875,[0. 0. 0. 0. 0. 0. 0. 0. 0.]
1742662962121864382,1742662962,95428936,imu_link,4.125,29.25,-24.875,[0. 0. 0. 0. 0. 0. 0. 0. 0.]
1742662962127327473,1742662962,122873799,imu_link,4.125,29.25,-24.875,[0. 0. 0. 0. 0. 0. 0. 0. 0.]
1742662962142723125,1742662962,135402793,imu_link,4.125,29.25,-24.875,[0. 0. 0. 0. 0. 0. 0. 0. 0.]
1742662962169923763,1742662962,155386250,imu_link,6.0,30.25,-26.25,[0. 0. 0. 0. 0. 0. 0. 0. 0.]
1742662962179616322,1742662962,175511744,imu_link,6.0,30.25,-26.25,[0. 0. 0. 0. 0. 0. 0. 0. 0.]
1742662962220867099,1742662962,195392200,imu_link,7.0625,31.125,-27.375,[0. 0. 0. 0. 0. 0. 0. 0. 0.]
1742662962225901964,1742662962,221853738,imu_link,7.0625,31.125,-27.375,[0. 0. 0. 0. 0. 0. 0. 0. 0.]
1742662962242486201,1742662962,235385946,imu_link,7.0625,31.125,-27.375,[0. 0. 0. 0. 0. 0. 0. 0. 0.]
1742662962270002565,1742662962,255385273,imu_link,5.8125,29.5,-25.625,[0. 0. 0. 0. 0. 0. 0. 0. 0.]
1742662962289779631,1742662962,275300543,imu_link,5.8125,29.5,-25.625,[0. 0. 0. 0. 0. 0. 0. 0. 0.]
1742662962299751266,1742662962,295300889,imu_link,5.8125,29.5,-25.625,[0. 0. 0. 0. 0. 0. 0. 0. 0.]
1742662962331654877,1742662962,315331086,imu_link,5.5625,30.75,-25.8125,[0. 0. 0. 0. 0. 0. 0. 0. 0.]
1742662962344638190,1742662962,337476157,imu_link,5.5625,30.75,-25.8125,[0. 0. 0. 0. 0. 0. 0. 0. 0.]
1742662962369221340,1742662962,355493686,imu_link,5.0,30.0,-25.1875,[0. 0. 0. 0. 0. 0. 0. 0. 0.]
1742662962379784778,1742662962,375342660,imu_link,5.0,30.0,-25.1875,[0. 0. 0. 0. 0. 0. 0. 0. 0.]
1742662962413999134,1742662962,395449025,imu_link,3.375,29.5,-24.8125,[0. 0. 0. 0. 0. 0. 0. 0. 0.]
1742662962419426798,1742662962,415483796,imu_link,3.375,29.5,-24.8125,[0. 0. 0. 0. 0. 0. 0. 0. 0.]
1742662962447875653,1742662962,435393326,imu_link,3.375,29.5,-24.8125,[0. 0. 0. 0. 0. 0. 0. 0. 0.]
1742662962472858918,1742662962,455349616,imu_link,4.125,29.8125,-24.625,[0. 0. 0. 0. 0. 0. 0. 0. 0.]
1742662962479297555,1742662962,475296109,imu_link,4.125,29.8125,-24.625,[0. 0. 0. 0. 0. 0. 0. 0. 0.]
1742662962516903297,1742662962,495419770,imu_link,4.0625,29.1875,-24.5,[0. 0. 0. 0. 0. 0. 0. 0. 0.]
1742662962520960170,1742662962,518454553,imu_link,4.0625,29.1875,-24.5,[0. 0. 0. 0. 0. 0. 0. 0. 0.]
1742662962547854695,1742662962,535382275,imu_link,4.0625,29.1875,-24.5,[0. 0. 0. 0. 0. 0. 0. 0. 0.]
1742662962569334869,1742662962,555308694,imu_link,4.5625,29.3125,-23.0,[0. 0. 0. 0. 0. 0. 0. 0. 0.]
1742662962579423895,1742662962,575392985,imu_link,4.5625,29.3125,-23.0,[0. 0. 0. 0. 0. 0. 0. 0. 0.]
1742662962617276324,1742662962,595379034,imu_link,2.375,29.1875,-23.3125,[0. 0. 0. 0. 0. 0. 0. 0. 0.]
1742662962621420272,1742662962,618773376,imu_link,2.375,29.1875,-23.3125,[0. 0. 0. 0. 0. 0. 0. 0. 0.]
1742662962647800217,1742662962,635360724,imu_link,2.375,29.1875,-23.3125,[0. 0. 0. 0. 0. 0. 0. 0. 0.]
1742662962669163984,1742662962,655327310,imu_link,4.5625,30.1875,-24.75,[0. 0. 0. 0. 0. 0. 0. 0. 0.]
1742662962679629550,1742662962,675552806,imu_link,4.5625,30.1875,-24.75,[0. 0. 0. 0. 0. 0. 0. 0. 0.]
1742662962716253596,1742662962,695359983,imu_link,3.4375,30.375,-24.5625,[0. 0. 0. 0. 0. 0. 0. 0. 0.]
1742662962726184065,1742662962,721684742,imu_link,3.4375,30.375,-24.5625,[0. 0. 0. 0. 0. 0. 0. 0. 0.]
1742662962743001249,1742662962,735304932,imu_link,3.4375,30.375,-24.5625,[0. 0. 0. 0. 0. 0. 0. 0. 0.]
1742662962769256656,1742662962,755381149,imu_link,5.1875,29.5625,-24.3125,[0. 0. 0. 0. 0. 0. 0. 0. 0.]
1742662962779619980,1742662962,775384957,imu_link,5.1875,29.5625,-24.3125,[0. 0. 0. 0. 0. 0. 0. 0. 0.]
1742662962819795506,1742662962,795398099,imu_link,5.6875,29.4375,-27.1875,[0. 0. 0. 0. 0. 0. 0. 0. 0.]
1742662962825403136,1742662962,820550940,imu_link,5.6875,29.4375,-27.1875,[0. 0. 0. 0. 0. 0. 0. 0. 0.]
1742662962842229098,1742662962,835302104,imu_link,5.6875,29.4375,-27.1875,[0. 0. 0. 0. 0. 0. 0. 0. 0.]
1742662962869204253,1742662962,855360913,imu_link,6.3125,30.1875,-25.875,[0. 0. 0. 0. 0. 0. 0. 0. 0.]
1742662962887191375,1742662962,875389407,imu_link,6.3125,30.1875,-25.875,[0. 0. 0. 0. 0. 0. 0. 0. 0.]
1742662962898802119,1742662962,895386845,imu_link,6.3125,30.1875,-25.875,[0. 0. 0. 0. 0. 0. 0. 0. 0.]
1742662962929289327,1742662962,915315541,imu_link,5.375,30.875,-26.625,[0. 0. 0. 0. 0. 0. 0. 0. 0.]
1742662962946343717,1742662962,935302960,imu_link,5.375,30.875,-26.625,[0. 0. 0. 0. 0. 0. 0. 0. 0.]
1742662962968785087,1742662962,955321639,imu_link,5.1875,30.125,-24.0625,[0. 0. 0. 0. 0. 0. 0. 0. 0.]
1742662962988185501,1742662962,975393134,imu_link,5.1875,30.125,-24.0625,[0. 0. 0. 0. 0. 0. 0. 0. 0.]
1742662962999138720,1742662962,995539351,imu_link,5.1875,30.125,-24.0625,[0. 0. 0. 0. 0. 0. 0. 0. 0.]
1742662963029214849,1742662963,15309861,imu_link,5.25,31.0,-25.8125,[0. 0. 0. 0. 0. 0. 0. 0. 0.]
1742662963047028432,1742662963,35340150,imu_link,5.25,31.0,-25.8125,[0. 0. 0. 0. 0. 0. 0. 0. 0.]
1742662963072080624,1742662963,55301051,imu_link,3.9375,29.125,-24.0,[0. 0. 0. 0. 0. 0. 0. 0. 0.]
1742662963078674096,1742662963,75296081,imu_link,3.9375,29.125,-24.0,[0. 0. 0. 0. 0. 0. 0. 0. 0.]
1742662963116327708,1742662963,95329723,imu_link,4.125,29.8125,-24.625,[0. 0. 0. 0. 0. 0. 0. 0. 0.]
1742662963120170134,1742662963,117857426,imu_link,4.125,29.8125,-24.625,[0. 0. 0. 0. 0. 0. 0. 0. 0.]
1742662963147218920,1742662963,135347562,imu_link,4.125,29.8125,-24.625,[0. 0. 0. 0. 0. 0. 0. 0. 0.]
1742662963171891366,1742662963,155305666,imu_link,4.75,30.625,-23.25,[0. 0. 0. 0. 0. 0. 0. 0. 0.]
1742662963178937769,1742662963,175446938,imu_link,4.75,30.625,-23.25,[0. 0. 0. 0. 0. 0. 0. 0. 0.]
1742662963213601703,1742662963,195364153,imu_link,4.3125,30.5625,-25.1875,[0. 0. 0. 0. 0. 0. 0. 0. 0.]
1742662963218715735,1742662963,215363998,imu_link,4.3125,30.5625,-25.1875,[0. 0. 0. 0. 0. 0. 0. 0. 0.]
1742662963247279294,1742662963,235393011,imu_link,4.3125,30.5625,-25.1875,[0. 0. 0. 0. 0. 0. 0. 0. 0.]
1742662963268617097,1742662963,255320170,imu_link,4.5625,30.1875,-24.75,[0. 0. 0. 0. 0. 0. 0. 0. 0.]
1742662963278840661,1742662963,275410516,imu_link,4.5625,30.1875,-24.75,[0. 0. 0. 0. 0. 0. 0. 0. 0.]
1742662963313778338,1742662963,295380250,imu_link,5.1875,31.25,-27.4375,[0. 0. 0. 0. 0. 0. 0. 0. 0.]
1742662963322483572,1742662963,315245742,imu_link,5.1875,31.25,-27.4375,[0. 0. 0. 0. 0. 0. 0. 0. 0.]
1742662963342937218,1742662963,335376866,imu_link,5.1875,31.25,-27.4375,[0. 0. 0. 0. 0. 0. 0. 0. 0.]
1742662963368660953,1742662963,355410489,imu_link,6.625,30.75,-25.25,[0. 0. 0. 0. 0. 0. 0. 0. 0.]
1742662963378641348,1742662963,375303926,imu_link,6.625,30.75,-25.25,[0. 0. 0. 0. 0. 0. 0. 0. 0.]
1742662963416789872,1742662963,395375216,imu_link,4.875,29.875,-26.375,[0. 0. 0. 0. 0. 0. 0. 0. 0.]
1742662963420822782,1742662963,417928439,imu_link,4.875,29.875,-26.375,[0. 0. 0. 0. 0. 0. 0. 0. 0.]
1742662963442285901,1742662963,435382574,imu_link,4.875,29.875,-26.375,[0. 0. 0. 0. 0. 0. 0. 0. 0.]
1742662963468615123,1742662963,455307122,imu_link,4.5625,29.625,-25.0625,[0. 0. 0. 0. 0. 0. 0. 0. 0.]
1742662963487110639,1742662963,475307226,imu_link,4.5625,29.625,-25.0625,[0. 0. 0. 0. 0. 0. 0. 0. 0.]
1742662963498595178,1742662963,495444128,imu_link,4.5625,29.625,-25.0625,[0. 0. 0. 0. 0. 0. 0. 0. 0.]
1742662963529946135,1742662963,515525641,imu_link,5.125,30.9375,-27.375,[0. 0. 0. 0. 0. 0. 0. 0. 0.]
1742662963538650869,1742662963,536106529,imu_link,5.125,30.9375,-27.375,[0. 0. 0. 0. 0. 0. 0. 0. 0.]
1742662963568896334,1742662963,555301403,imu_link,4.5625,30.75,-24.4375,[0. 0. 0. 0. 0. 0. 0. 0. 0.]
1742662963587788298,1742662963,575313601,imu_link,4.5625,30.75,-24.4375,[0. 0. 0. 0. 0. 0. 0. 0. 0.]
1742662963598019769,1742662963,595303020,imu_link,4.5625,30.75,-24.4375,[0. 0. 0. 0. 0. 0. 0. 0. 0.]
1742662963628460735,1742662963,615445811,imu_link,4.6875,31.125,-26.9375,[0. 0. 0. 0. 0. 0. 0. 0. 0.]
1742662963640508539,1742662963,637492769,imu_link,4.6875,31.125,-26.9375,[0. 0. 0. 0. 0. 0. 0. 0. 0.]
1742662963673767052,1742662963,655361482,imu_link,4.6875,30.25,-27.1875,[0. 0. 0. 0. 0. 0. 0. 0. 0.]
1742662963678548155,1742662963,675548107,imu_link,4.6875,30.25,-27.1875,[0. 0. 0. 0. 0. 0. 0. 0. 0.]
1742662963713050384,1742662963,695328376,imu_link,5.4375,30.375,-25.375,[0. 0. 0. 0. 0. 0. 0. 0. 0.]
1742662963718049118,1742662963,715300072,imu_link,5.4375,30.375,-25.375,[0. 0. 0. 0. 0. 0. 0. 0. 0.]
1742662963747283832,1742662963,735308862,imu_link,5.4375,30.375,-25.375,[0. 0. 0. 0. 0. 0. 0. 0. 0.]
1742662963773365015,1742662963,755308337,imu_link,6.3125,30.5,-23.9375,[0. 0. 0. 0. 0. 0. 0. 0. 0.]
1742662963778061487,1742662963,775288682,imu_link,6.3125,30.5,-23.9375,[0. 0. 0. 0. 0. 0. 0. 0. 0.]
1742662963813829303,1742662963,795383584,imu_link,4.875,30.1875,-26.4375,[0. 0. 0. 0. 0. 0. 0. 0. 0.]
1742662963818187438,1742662963,815367688,imu_link,4.875,30.1875,-26.4375,[0. 0. 0. 0. 0. 0. 0. 0. 0.]
1742662963847081260,1742662963,835356366,imu_link,4.875,30.1875,-26.4375,[0. 0. 0. 0. 0. 0. 0. 0. 0.]
1742662963869021976,1742662963,855380860,imu_link,4.4375,30.375,-23.9375,[0. 0. 0. 0. 0. 0. 0. 0. 0.]
1742662963878064584,1742662963,875296982,imu_link,4.4375,30.375,-23.9375,[0. 0. 0. 0. 0. 0. 0. 0. 0.]
1742662963912891686,1742662963,895372458,imu_link,5.0625,29.75,-27.625,[0. 0. 0. 0. 0. 0. 0. 0. 0.]
1742662963917589658,1742662963,915294710,imu_link,5.0625,29.75,-27.625,[0. 0. 0. 0. 0. 0. 0. 0. 0.]
1742662963943075039,1742662963,935371537,imu_link,5.0625,29.75,-27.625,[0. 0. 0. 0. 0. 0. 0. 0. 0.]
1742662963968846756,1742662963,955325956,imu_link,4.625,30.5,-24.8125,[0. 0. 0. 0. 0. 0. 0. 0. 0.]
1742662963977714769,1742662963,975323023,imu_link,4.625,30.5,-24.8125,[0. 0. 0. 0. 0. 0. 0. 0. 0.]
1742662964017686292,1742662963,995517908,imu_link,4.5625,30.4375,-26.4375,[0. 0. 0. 0. 0. 0. 0. 0. 0.]
1742662964023108642,1742662964,18682747,imu_link,4.5625,30.4375,-26.4375,[0. 0. 0. 0. 0. 0. 0. 0. 0.]
1742662964042307072,1742662964,35371078,imu_link,4.5625,30.4375,-26.4375,[0. 0. 0. 0. 0. 0. 0. 0. 0.]
1742662964067857268,1742662964,55335367,imu_link,4.5625,30.75,-24.4375,[0. 0. 0. 0. 0. 0. 0. 0. 0.]
1742662964086548044,1742662964,75348045,imu_link,4.5625,30.75,-24.4375,[0. 0. 0. 0. 0. 0. 0. 0. 0.]
1742662964097639598,1742662964,95339409,imu_link,4.5625,30.75,-24.4375,[0. 0. 0. 0. 0. 0. 0. 0. 0.]
1742662964133516247,1742662964,115404051,imu_link,5.875,30.375,-27.4375,[0. 0. 0. 0. 0. 0. 0. 0. 0.]
1742662964137633344,1742662964,135285635,imu_link,5.875,30.375,-27.4375,[0. 0. 0. 0. 0. 0. 0. 0. 0.]
1742662964168862706,1742662964,155381389,imu_link,4.375,30.0625,-25.875,[0. 0. 0. 0. 0. 0. 0. 0. 0.]
1742662964177889981,1742662964,175371715,imu_link,4.375,30.0625,-25.875,[0. 0. 0. 0. 0. 0. 0. 0. 0.]
1742662964197700657,1742662964,195358393,imu_link,4.375,30.0625,-25.875,[0. 0. 0. 0. 0. 0. 0. 0. 0.]
1742662964237248472,1742662964,215390035,imu_link,4.0,31.6875,-26.9375,[0. 0. 0. 0. 0. 0. 0. 0. 0.]
1742662964243111104,1742662964,238239112,imu_link,4.0,31.6875,-26.9375,[0. 0. 0. 0. 0. 0. 0. 0. 0.]
1742662964273578404,1742662964,255363391,imu_link,4.75,30.375,-23.625,[0. 0. 0. 0. 0. 0. 0. 0. 0.]
1742662964282121469,1742662964,275349051,imu_link,4.75,30.375,-23.625,[0. 0. 0. 0. 0. 0. 0. 0. 0.]
1742662964310929920,1742662964,295364841,imu_link,5.125,30.375,-25.6875,[0. 0. 0. 0. 0. 0. 0. 0. 0.]
1742662964318057175,1742662964,315532113,imu_link,5.125,30.375,-25.6875,[0. 0. 0. 0. 0. 0. 0. 0. 0.]
1742662964346655642,1742662964,335372642,imu_link,5.125,30.375,-25.6875,[0. 0. 0. 0. 0. 0. 0. 0. 0.]
1742662964368052704,1742662964,355568692,imu_link,4.625,29.375,-23.4375,[0. 0. 0. 0. 0. 0. 0. 0. 0.]
1742662964381357761,1742662964,375348683,imu_link,4.625,29.375,-23.4375,[0. 0. 0. 0. 0. 0. 0. 0. 0.]
1742662964412629347,1742662964,395383584,imu_link,3.875,29.0625,-25.625,[0. 0. 0. 0. 0. 0. 0. 0. 0.]
1742662964417562877,1742662964,415289317,imu_link,3.875,29.0625,-25.625,[0. 0. 0. 0. 0. 0. 0. 0. 0.]
1742662964446482106,1742662964,435378922,imu_link,3.875,29.0625,-25.625,[0. 0. 0. 0. 0. 0. 0. 0. 0.]
1742662964468867622,1742662964,455375323,imu_link,4.5625,30.1875,-24.75,[0. 0. 0. 0. 0. 0. 0. 0. 0.]
1742662964481933621,1742662964,475294704,imu_link,4.5625,30.1875,-24.75,[0. 0. 0. 0. 0. 0. 0. 0. 0.]
1742662964512539423,1742662964,495512218,imu_link,5.5625,30.1875,-28.1875,[0. 0. 0. 0. 0. 0. 0. 0. 0.]
1742662964517580176,1742662964,515286079,imu_link,5.5625,30.1875,-28.1875,[0. 0. 0. 0. 0. 0. 0. 0. 0.]
1742662964546568073,1742662964,535368240,imu_link,5.5625,30.1875,-28.1875,[0. 0. 0. 0. 0. 0. 0. 0. 0.]
1742662964569017405,1742662964,555397419,imu_link,4.6875,30.0625,-23.5625,[0. 0. 0. 0. 0. 0. 0. 0. 0.]
1742662964585912182,1742662964,575296207,imu_link,4.6875,30.0625,-23.5625,[0. 0. 0. 0. 0. 0. 0. 0. 0.]
1742662964607395523,1742662964,595335201,imu_link,5.875,31.25,-27.1875,[0. 0. 0. 0. 0. 0. 0. 0. 0.]
1742662964623180438,1742662964,615388435,imu_link,5.875,31.25,-27.1875,[0. 0. 0. 0. 0. 0. 0. 0. 0.]
1742662964646970579,1742662964,635318613,imu_link,5.875,31.25,-27.1875,[0. 0. 0. 0. 0. 0. 0. 0. 0.]
1742662964667489466,1742662964,655439218,imu_link,5.0,29.6875,-23.125,[0. 0. 0. 0. 0. 0. 0. 0. 0.]
1742662964686181225,1742662964,675493508,imu_link,5.0,29.6875,-23.125,[0. 0. 0. 0. 0. 0. 0. 0. 0.]
1742662964707401619,1742662964,695367482,imu_link,5.25,29.875,-26.4375,[0. 0. 0. 0. 0. 0. 0. 0. 0.]
1742662964723190052,1742662964,715464939,imu_link,5.25,29.875,-26.4375,[0. 0. 0. 0. 0. 0. 0. 0. 0.]
1742662964745780830,1742662964,735330912,imu_link,5.25,29.875,-26.4375,[0. 0. 0. 0. 0. 0. 0. 0. 0.]
1742662964767412783,1742662964,755412258,imu_link,4.4375,30.625,-23.625,[0. 0. 0. 0. 0. 0. 0. 0. 0.]
1742662964785740056,1742662964,775294842,imu_link,4.4375,30.625,-23.625,[0. 0. 0. 0. 0. 0. 0. 0. 0.]
1742662964808157907,1742662964,795349558,imu_link,5.9375,30.5,-27.9375,[0. 0. 0. 0. 0. 0. 0. 0. 0.]
1742662964817886651,1742662964,815331718,imu_link,5.9375,30.5,-27.9375,[0. 0. 0. 0. 0. 0. 0. 0. 0.]
1742662964845607127,1742662964,835309729,imu_link,5.9375,30.5,-27.9375,[0. 0. 0. 0. 0. 0. 0. 0. 0.]
1742662964872316205,1742662964,855488484,imu_link,5.0,29.6875,-23.125,[0. 0. 0. 0. 0. 0. 0. 0. 0.]
1742662964883065088,1742662964,875288234,imu_link,5.0,29.6875,-23.125,[0. 0. 0. 0. 0. 0. 0. 0. 0.]
1742662964909015233,1742662964,895374228,imu_link,5.3125,30.1875,-26.5,[0. 0. 0. 0. 0. 0. 0. 0. 0.]
1742662964918185212,1742662964,915302035,imu_link,5.3125,30.1875,-26.5,[0. 0. 0. 0. 0. 0. 0. 0. 0.]
1742662964945895837,1742662964,935393178,imu_link,5.3125,30.1875,-26.5,[0. 0. 0. 0. 0. 0. 0. 0. 0.]
1742662964964926450,1742662964,956533608,imu_link,4.5,30.6875,-24.0,[0. 0. 0. 0. 0. 0. 0. 0. 0.]
1742662964983197685,1742662964,975334497,imu_link,4.5,30.6875,-24.0,[0. 0. 0. 0. 0. 0. 0. 0. 0.]
1742662965010508102,1742662964,995488880,imu_link,4.6875,30.5625,-25.25,[0. 0. 0. 0. 0. 0. 0. 0. 0.]
1742662965018189418,1742662965,15325557,imu_link,4.6875,30.5625,-25.25,[0. 0. 0. 0. 0. 0. 0. 0. 0.]
1742662965045804060,1742662965,35382828,imu_link,4.6875,30.5625,-25.25,[0. 0. 0. 0. 0. 0. 0. 0. 0.]
1742662965064233112,1742662965,60869542,imu_link,4.125,28.6875,-23.1875,[0. 0. 0. 0. 0. 0. 0. 0. 0.]
1742662965083221039,1742662965,75352999,imu_link,4.125,28.6875,-23.1875,[0. 0. 0. 0. 0. 0. 0. 0. 0.]
1742662965108784828,1742662965,95333121,imu_link,4.875,30.1875,-26.4375,[0. 0. 0. 0. 0. 0. 0. 0. 0.]
1742662965122644946,1742662965,115350596,imu_link,4.875,30.1875,-26.4375,[0. 0. 0. 0. 0. 0. 0. 0. 0.]
1742662965143019442,1742662965,135311903,imu_link,4.875,30.1875,-26.4375,[0. 0. 0. 0. 0. 0. 0. 0. 0.]
1742662965170000263,1742662965,155401860,imu_link,4.5,29.5625,-24.625,[0. 0. 0. 0. 0. 0. 0. 0. 0.]
1742662965186571463,1742662965,175445983,imu_link,4.5,29.5625,-24.625,[0. 0. 0. 0. 0. 0. 0. 0. 0.]
1742662965208618772,1742662965,195387365,imu_link,5.5625,30.4375,-25.75,[0. 0. 0. 0. 0. 0. 0. 0. 0.]
1742662965223853644,1742662965,215343413,imu_link,5.5625,30.4375,-25.75,[0. 0. 0. 0. 0. 0. 0. 0. 0.]
1742662965256462002,1742662965,235323535,imu_link,3.3125,29.4375,-22.3125,[0. 0. 0. 0. 0. 0. 0. 0. 0.]
1742662965262491747,1742662965,258018073,imu_link,3.3125,29.4375,-22.3125,[0. 0. 0. 0. 0. 0. 0. 0. 0.]
1742662965285123284,1742662965,275315132,imu_link,3.3125,29.4375,-22.3125,[0. 0. 0. 0. 0. 0. 0. 0. 0.]
1742662965312994965,1742662965,295390607,imu_link,5.375,30.0625,-27.25,[0. 0. 0. 0. 0. 0. 0. 0. 0.]
1742662965320606448,1742662965,315649288,imu_link,5.375,30.0625,-27.25,[0. 0. 0. 0. 0. 0. 0. 0. 0.]
1742662965345092874,1742662965,335369556,imu_link,5.375,30.0625,-27.25,[0. 0. 0. 0. 0. 0. 0. 0. 0.]
1742662965369454058,1742662965,355393716,imu_link,3.125,30.125,-22.875,[0. 0. 0. 0. 0. 0. 0. 0. 0.]
1742662965384250055,1742662965,375503506,imu_link,3.125,30.125,-22.875,[0. 0. 0. 0. 0. 0. 0. 0. 0.]
1742662965411453823,1742662965,395546925,imu_link,5.0,30.8125,-26.5625,[0. 0. 0. 0. 0. 0. 0. 0. 0.]
1742662965420069370,1742662965,415318138,imu_link,5.0,30.8125,-26.5625,[0. 0. 0. 0. 0. 0. 0. 0. 0.]
1742662965455394773,1742662965,435415280,imu_link,5.125,29.8125,-24.0,[0. 0. 0. 0. 0. 0. 0. 0. 0.]
1742662965461756706,1742662965,457226939,imu_link,5.125,29.8125,-24.0,[0. 0. 0. 0. 0. 0. 0. 0. 0.]
1742662965486867194,1742662965,475315747,imu_link,5.125,29.8125,-24.0,[0. 0. 0. 0. 0. 0. 0. 0. 0.]
1742662965511002376,1742662965,495589668,imu_link,6.3125,29.9375,-26.25,[0. 0. 0. 0. 0. 0. 0. 0. 0.]
1742662965519799092,1742662965,515297362,imu_link,6.3125,29.9375,-26.25,[0. 0. 0. 0. 0. 0. 0. 0. 0.]
1742662965556690177,1742662965,535329559,imu_link,4.6875,28.875,-24.125,[0. 0. 0. 0. 0. 0. 0. 0. 0.]
1742662965565605375,1742662965,558235007,imu_link,4.6875,28.875,-24.125,[0. 0. 0. 0. 0. 0. 0. 0. 0.]
1742662965584161206,1742662965,575391842,imu_link,4.6875,28.875,-24.125,[0. 0. 0. 0. 0. 0. 0. 0. 0.]
1742662965610548151,1742662965,595390502,imu_link,5.625,30.5,-26.25,[0. 0. 0. 0. 0. 0. 0. 0. 0.]
1742662965620342858,1742662965,615339494,imu_link,5.625,30.5,-26.25,[0. 0. 0. 0. 0. 0. 0. 0. 0.]
1742662965660726052,1742662965,635331339,imu_link,5.5625,30.4375,-23.75,[0. 0. 0. 0. 0. 0. 0. 0. 0.]
1742662965664550330,1742662965,662242289,imu_link,5.5625,30.4375,-23.75,[0. 0. 0. 0. 0. 0. 0. 0. 0.]
1742662965683956150,1742662965,675430900,imu_link,5.5625,30.4375,-23.75,[0. 0. 0. 0. 0. 0. 0. 0. 0.]
1742662965710568227,1742662965,695396115,imu_link,4.6875,30.0,-25.5625,[0. 0. 0. 0. 0. 0. 0. 0. 0.]
1742662965723448594,1742662965,715313311,imu_link,4.6875,30.0,-25.5625,[0. 0. 0. 0. 0. 0. 0. 0. 0.]
1742662965744623302,1742662965,735339007,imu_link,4.6875,30.0,-25.5625,[0. 0. 0. 0. 0. 0. 0. 0. 0.]
1742662965771381732,1742662965,755330778,imu_link,5.125,30.625,-23.375,[0. 0. 0. 0. 0. 0. 0. 0. 0.]
1742662965787435094,1742662965,775300771,imu_link,5.125,30.625,-23.375,[0. 0. 0. 0. 0. 0. 0. 0. 0.]
1742662965809074955,1742662965,795385653,imu_link,4.4375,29.25,-24.5625,[0. 0. 0. 0. 0. 0. 0. 0. 0.]
1742662965823317854,1742662965,815443147,imu_link,4.4375,29.25,-24.5625,[0. 0. 0. 0. 0. 0. 0. 0. 0.]
1742662965856237104,1742662965,835319731,imu_link,4.375,29.1875,-24.0625,[0. 0. 0. 0. 0. 0. 0. 0. 0.]
1742662965862309608,1742662965,857807897,imu_link,4.375,29.1875,-24.0625,[0. 0. 0. 0. 0. 0. 0. 0. 0.]
1742662965886907090,1742662965,875316717,imu_link,4.375,29.1875,-24.0625,[0. 0. 0. 0. 0. 0. 0. 0. 0.]
1742662965906661433,1742662965,895385933,imu_link,5.75,31.125,-26.375,[0. 0. 0. 0. 0. 0. 0. 0. 0.]
1742662965923220948,1742662965,915360463,imu_link,5.75,31.125,-26.375,[0. 0. 0. 0. 0. 0. 0. 0. 0.]
1742662965954439199,1742662965,935380789,imu_link,3.5,29.5625,-23.25,[0. 0. 0. 0. 0. 0. 0. 0. 0.]
1742662965960705687,1742662965,956058493,imu_link,3.5,29.5625,-23.25,[0. 0. 0. 0. 0. 0. 0. 0. 0.]
1742662965988335736,1742662965,975349071,imu_link,3.5,29.5625,-23.25,[0. 0. 0. 0. 0. 0. 0. 0. 0.]
1742662966011529649,1742662965,995516733,imu_link,4.25,29.375,-23.3125,[0. 0. 0. 0. 0. 0. 0. 0. 0.]
1742662966019759100,1742662966,15328483,imu_link,4.25,29.375,-23.3125,[0. 0. 0. 0. 0. 0. 0. 0. 0.]
1742662966056733593,1742662966,35375457,imu_link,5.0625,30.875,-25.0,[0. 0. 0. 0. 0. 0. 0. 0. 0.]
1742662966062223795,1742662966,58266831,imu_link,5.0625,30.875,-25.0,[0. 0. 0. 0. 0. 0. 0. 0. 0.]
1742662966088353441,1742662966,75371313,imu_link,5.0625,30.875,-25.0,[0. 0. 0. 0. 0. 0. 0. 0. 0.]
1742662966109952005,1742662966,95352028,imu_link,3.9375,30.25,-25.4375,[0. 0. 0. 0. 0. 0. 0. 0. 0.]
1742662966119806342,1742662966,115342021,imu_link,3.9375,30.25,-25.4375,[0. 0. 0. 0. 0. 0. 0. 0. 0.]
1742662966157842586,1742662966,135389014,imu_link,5.375,29.75,-23.25,[0. 0. 0. 0. 0. 0. 0. 0. 0.]
1742662966166841860,1742662966,163963480,imu_link,5.375,29.75,-23.25,[0. 0. 0. 0. 0. 0. 0. 0. 0.]
1742662966183742822,1742662966,175534742,imu_link,5.375,29.75,-23.25,[0. 0. 0. 0. 0. 0. 0. 0. 0.]
1742662966211537170,1742662966,195427030,imu_link,4.5625,29.3125,-25.0,[0. 0. 0. 0. 0. 0. 0. 0. 0.]
1742662966219922289,1742662966,215351151,imu_link,4.5625,29.3125,-25.0,[0. 0. 0. 0. 0. 0. 0. 0. 0.]
1742662966261811034,1742662966,235507461,imu_link,4.0625,30.3125,-25.9375,[0. 0. 0. 0. 0. 0. 0. 0. 0.]
1742662966266444079,1742662966,262886878,imu_link,4.0625,30.3125,-25.9375,[0. 0. 0. 0. 0. 0. 0. 0. 0.]
1742662966293650087,1742662966,275382223,imu_link,4.0625,30.3125,-25.9375,[0. 0. 0. 0. 0. 0. 0. 0. 0.]
1742662966310934016,1742662966,304930124,imu_link,3.6875,30.3125,-23.75,[0. 0. 0. 0. 0. 0. 0. 0. 0.]
1742662966332658545,1742662966,316392385,imu_link,3.6875,30.3125,-23.75,[0. 0. 0. 0. 0. 0. 0. 0. 0.]
1742662966340645697,1742662966,335478794,imu_link,3.6875,30.3125,-23.75,[0. 0. 0. 0. 0. 0. 0. 0. 0.]
1742662966383705935,1742662966,355695919,imu_link,5.875,30.375,-25.4375,[0. 0. 0. 0. 0. 0. 0. 0. 0.]
1742662966389887922,1742662966,384900521,imu_link,5.875,30.375,-25.4375,[0. 0. 0. 0. 0. 0. 0. 0. 0.]
1742662966410235788,1742662966,395531440,imu_link,4.5,29.5625,-24.625,[0. 0. 0. 0. 0. 0. 0. 0. 0.]
1742662966437527982,1742662966,419785234,imu_link,4.5,29.5625,-24.625,[0. 0. 0. 0. 0. 0. 0. 0. 0.]
1742662966461746387,1742662966,442612328,imu_link,4.5,30.125,-24.3125,[0. 0. 0. 0. 0. 0. 0. 0. 0.]
1742662966468999680,1742662966,464126577,imu_link,4.5,30.125,-24.3125,[0. 0. 0. 0. 0. 0. 0. 0. 0.]
1742662966488093627,1742662966,475331761,imu_link,4.5,30.125,-24.3125,[0. 0. 0. 0. 0. 0. 0. 0. 0.]
1742662966512405181,1742662966,495481459,imu_link,4.375,30.0625,-23.875,[0. 0. 0. 0. 0. 0. 0. 0. 0.]
1742662966519732753,1742662966,515297079,imu_link,4.375,30.0625,-23.875,[0. 0. 0. 0. 0. 0. 0. 0. 0.]
1742662966553724827,1742662966,535411814,imu_link,2.8125,29.875,-23.5625,[0. 0. 0. 0. 0. 0. 0. 0. 0.]
1742662966559779516,1742662966,555375566,imu_link,2.8125,29.875,-23.5625,[0. 0. 0. 0. 0. 0. 0. 0. 0.]
1742662966588473446,1742662966,575327317,imu_link,2.8125,29.875,-23.5625,[0. 0. 0. 0. 0. 0. 0. 0. 0.]
1742662966610053066,1742662966,595304236,imu_link,3.125,31.0,-24.625,[0. 0. 0. 0. 0. 0. 0. 0. 0.]
1742662966619890088,1742662966,615298136,imu_link,3.125,31.0,-24.625,[0. 0. 0. 0. 0. 0. 0. 0. 0.]
1742662966657263400,1742662966,635404630,imu_link,2.9375,30.25,-24.0,[0. 0. 0. 0. 0. 0. 0. 0. 0.]
1742662966661427589,1742662966,658771081,imu_link,2.9375,30.25,-24.0,[0. 0. 0. 0. 0. 0. 0. 0. 0.]
1742662966687595217,1742662966,675343096,imu_link,2.9375,30.25,-24.0,[0. 0. 0. 0. 0. 0. 0. 0. 0.]
1742662966710537886,1742662966,695311811,imu_link,5.1875,29.0,-24.6875,[0. 0. 0. 0. 0. 0. 0. 0. 0.]
1742662966719757866,1742662966,715307989,imu_link,5.1875,29.0,-24.6875,[0. 0. 0. 0. 0. 0. 0. 0. 0.]
1742662966757221160,1742662966,735399168,imu_link,4.6875,30.5625,-25.25,[0. 0. 0. 0. 0. 0. 0. 0. 0.]
1742662966766621993,1742662966,762585490,imu_link,4.6875,30.5625,-25.25,[0. 0. 0. 0. 0. 0. 0. 0. 0.]
1742662966782951431,1742662966,775288504,imu_link,4.6875,30.5625,-25.25,[0. 0. 0. 0. 0. 0. 0. 0. 0.]
1742662966810460498,1742662966,795350942,imu_link,4.3125,31.125,-26.875,[0. 0. 0. 0. 0. 0. 0. 0. 0.]
1742662966820084703,1742662966,815462213,imu_link,4.3125,31.125,-26.875,[0. 0. 0. 0. 0. 0. 0. 0. 0.]
1742662966860785307,1742662966,835402187,imu_link,3.6875,30.0,-25.75,[0. 0. 0. 0. 0. 0. 0. 0. 0.]
1742662966865261425,1742662966,861779631,imu_link,3.6875,30.0,-25.75,[0. 0. 0. 0. 0. 0. 0. 0. 0.]
1742662966883080470,1742662966,875328653,imu_link,3.6875,30.0,-25.75,[0. 0. 0. 0. 0. 0. 0. 0. 0.]
1742662966910445832,1742662966,895386924,imu_link,4.25,29.6875,-25.375,[0. 0. 0. 0. 0. 0. 0. 0. 0.]
1742662966926860660,1742662966,915333824,imu_link,4.25,29.6875,-25.375,[0. 0. 0. 0. 0. 0. 0. 0. 0.]
1742662966940061011,1742662966,935509207,imu_link,4.25,29.6875,-25.375,[0. 0. 0. 0. 0. 0. 0. 0. 0.]
1742662966970427106,1742662966,955360199,imu_link,4.875,30.1875,-24.375,[0. 0. 0. 0. 0. 0. 0. 0. 0.]
1742662966988279856,1742662966,975310210,imu_link,4.875,30.1875,-24.375,[0. 0. 0. 0. 0. 0. 0. 0. 0.]
1742662967009772900,1742662966,995437167,imu_link,5.125,29.5,-23.9375,[0. 0. 0. 0. 0. 0. 0. 0. 0.]
1742662967026618399,1742662967,15303306,imu_link,5.125,29.5,-23.9375,[0. 0. 0. 0. 0. 0. 0. 0. 0.]
1742662967039994048,1742662967,35394855,imu_link,5.125,29.5,-23.9375,[0. 0. 0. 0. 0. 0. 0. 0. 0.]
1742662967070675572,1742662967,55535516,imu_link,4.125,28.9375,-24.8125,[0. 0. 0. 0. 0. 0. 0. 0. 0.]
1742662967088282578,1742662967,75406692,imu_link,4.125,28.9375,-24.8125,[0. 0. 0. 0. 0. 0. 0. 0. 0.]
1742662967116575059,1742662967,98026507,imu_link,4.0,30.25,-23.4375,[0. 0. 0. 0. 0. 0. 0. 0. 0.]
1742662967129892523,1742662967,118411059,imu_link,4.0,30.25,-23.4375,[0. 0. 0. 0. 0. 0. 0. 0. 0.]
1742662967158041836,1742662967,135459763,imu_link,4.375,29.75,-23.8125,[0. 0. 0. 0. 0. 0. 0. 0. 0.]
1742662967163483575,1742662967,160048967,imu_link,4.375,29.75,-23.8125,[0. 0. 0. 0. 0. 0. 0. 0. 0.]
1742662967189690406,1742662967,175576379,imu_link,4.375,29.75,-23.8125,[0. 0. 0. 0. 0. 0. 0. 0. 0.]
1742662967212363647,1742662967,195314424,imu_link,4.4375,29.8125,-24.25,[0. 0. 0. 0. 0. 0. 0. 0. 0.]
1742662967219281067,1742662967,215297158,imu_link,4.4375,29.8125,-24.25,[0. 0. 0. 0. 0. 0. 0. 0. 0.]
1742662967256935196,1742662967,235391373,imu_link,5.5625,30.4375,-25.75,[0. 0. 0. 0. 0. 0. 0. 0. 0.]
1742662967260979180,1742662967,258461378,imu_link,5.5625,30.4375,-25.75,[0. 0. 0. 0. 0. 0. 0. 0. 0.]
1742662967287975815,1742662967,275411099,imu_link,5.5625,30.4375,-25.75,[0. 0. 0. 0. 0. 0. 0. 0. 0.]
1742662967309884438,1742662967,295311906,imu_link,4.8125,29.5625,-24.25,[0. 0. 0. 0. 0. 0. 0. 0. 0.]
1742662967319571718,1742662967,315470881,imu_link,4.8125,29.5625,-24.25,[0. 0. 0. 0. 0. 0. 0. 0. 0.]
1742662967356909140,1742662967,335392614,imu_link,4.875,30.75,-26.125,[0. 0. 0. 0. 0. 0. 0. 0. 0.]
1742662967366520734,1742662967,361805521,imu_link,4.875,30.75,-26.125,[0. 0. 0. 0. 0. 0. 0. 0. 0.]
1742662967382530947,1742662967,375450618,imu_link,4.875,30.75,-26.125,[0. 0. 0. 0. 0. 0. 0. 0. 0.]
1742662967409908105,1742662967,395385184,imu_link,4.0625,30.25,-25.4375,[0. 0. 0. 0. 0. 0. 0. 0. 0.]
1742662967419261067,1742662967,415300306,imu_link,4.0625,30.25,-25.4375,[0. 0. 0. 0. 0. 0. 0. 0. 0.]
1742662967460912290,1742662967,435394355,imu_link,5.3125,29.375,-24.75,[0. 0. 0. 0. 0. 0. 0. 0. 0.]
1742662967467000257,1742662967,462448491,imu_link,5.3125,29.375,-24.75,[0. 0. 0. 0. 0. 0. 0. 0. 0.]
1742662967483869293,1742662967,475392469,imu_link,5.3125,29.375,-24.75,[0. 0. 0. 0. 0. 0. 0. 0. 0.]
1742662967509198209,1742662967,495469166,imu_link,4.5625,29.625,-23.0625,[0. 0. 0. 0. 0. 0. 0. 0. 0.]
1742662967527837225,1742662967,515324009,imu_link,4.5625,29.625,-23.0625,[0. 0. 0. 0. 0. 0. 0. 0. 0.]
1742662967539617359,1742662967,535322002,imu_link,4.5625,29.625,-23.0625,[0. 0. 0. 0. 0. 0. 0. 0. 0.]
1742662967569352595,1742662967,555371180,imu_link,4.75,30.875,-25.3125,[0. 0. 0. 0. 0. 0. 0. 0. 0.]
1742662967587158196,1742662967,575377321,imu_link,4.75,30.875,-25.3125,[0. 0. 0. 0. 0. 0. 0. 0. 0.]
1742662967609022614,1742662967,595353850,imu_link,5.0,30.0,-25.1875,[0. 0. 0. 0. 0. 0. 0. 0. 0.]
1742662967628359656,1742662967,615305861,imu_link,5.0,30.0,-25.1875,[0. 0. 0. 0. 0. 0. 0. 0. 0.]
1742662967639507747,1742662967,635357743,imu_link,5.0,30.0,-25.1875,[0. 0. 0. 0. 0. 0. 0. 0. 0.]
1742662967669161315,1742662967,655374199,imu_link,6.125,30.625,-26.75,[0. 0. 0. 0. 0. 0. 0. 0. 0.]
1742662967687312031,1742662967,675580841,imu_link,6.125,30.625,-26.75,[0. 0. 0. 0. 0. 0. 0. 0. 0.]
1742662967710774742,1742662967,695342184,imu_link,4.3125,29.4375,-23.75,[0. 0. 0. 0. 0. 0. 0. 0. 0.]
1742662967719280233,1742662967,715334083,imu_link,4.3125,29.4375,-23.75,[0. 0. 0. 0. 0. 0. 0. 0. 0.]
1742662967756004112,1742662967,735385558,imu_link,6.0625,30.5625,-26.3125,[0. 0. 0. 0. 0. 0. 0. 0. 0.]
1742662967759888465,1742662967,757531535,imu_link,6.0625,30.5625,-26.3125,[0. 0. 0. 0. 0. 0. 0. 0. 0.]
1742662967787212011,1742662967,775477840,imu_link,6.0625,30.5625,-26.3125,[0. 0. 0. 0. 0. 0. 0. 0. 0.]
1742662967811242099,1742662967,795347758,imu_link,4.5625,29.875,-22.625,[0. 0. 0. 0. 0. 0. 0. 0. 0.]
1742662967818903044,1742662967,815451288,imu_link,4.5625,29.875,-22.625,[0. 0. 0. 0. 0. 0. 0. 0. 0.]
1742662967856083298,1742662967,835391799,imu_link,5.8125,30.625,-27.0625,[0. 0. 0. 0. 0. 0. 0. 0. 0.]
1742662967860081300,1742662967,857645536,imu_link,5.8125,30.625,-27.0625,[0. 0. 0. 0. 0. 0. 0. 0. 0.]
1742662967887343809,1742662967,875402488,imu_link,5.8125,30.625,-27.0625,[0. 0. 0. 0. 0. 0. 0. 0. 0.]
1742662967909255875,1742662967,895389684,imu_link,3.3125,28.3125,-22.9375,[0. 0. 0. 0. 0. 0. 0. 0. 0.]
1742662967918585300,1742662967,915308101,imu_link,3.3125,28.3125,-22.9375,[0. 0. 0. 0. 0. 0. 0. 0. 0.]
1742662967956409171,1742662967,935389780,imu_link,6.0625,30.3125,-26.6875,[0. 0. 0. 0. 0. 0. 0. 0. 0.]
1742662967964521047,1742662967,958031391,imu_link,6.0625,30.3125,-26.6875,[0. 0. 0. 0. 0. 0. 0. 0. 0.]
1742662967982299407,1742662967,975405506,imu_link,6.0625,30.3125,-26.6875,[0. 0. 0. 0. 0. 0. 0. 0. 0.]
1742662968008818149,1742662967,995534204,imu_link,3.3125,30.5625,-25.8125,[0. 0. 0. 0. 0. 0. 0. 0. 0.]
1742662968018659375,1742662968,15317175,imu_link,3.3125,30.5625,-25.8125,[0. 0. 0. 0. 0. 0. 0. 0. 0.]
1742662968058761712,1742662968,35399298,imu_link,5.375,30.8125,-26.25,[0. 0. 0. 0. 0. 0. 0. 0. 0.]
1742662968063923152,1742662968,59743407,imu_link,5.375,30.8125,-26.25,[0. 0. 0. 0. 0. 0. 0. 0. 0.]
1742662968082315054,1742662968,75396246,imu_link,5.375,30.8125,-26.25,[0. 0. 0. 0. 0. 0. 0. 0. 0.]
1742662968108700572,1742662968,95354812,imu_link,4.5625,30.4375,-24.375,[0. 0. 0. 0. 0. 0. 0. 0. 0.]
1742662968127320033,1742662968,115328008,imu_link,4.5625,30.4375,-24.375,[0. 0. 0. 0. 0. 0. 0. 0. 0.]
1742662968139267150,1742662968,135332871,imu_link,4.5625,30.4375,-24.375,[0. 0. 0. 0. 0. 0. 0. 0. 0.]
1742662968168672234,1742662968,155374419,imu_link,4.9375,29.375,-27.125,[0. 0. 0. 0. 0. 0. 0. 0. 0.]
1742662968187096248,1742662968,175649710,imu_link,4.9375,29.375,-27.125,[0. 0. 0. 0. 0. 0. 0. 0. 0.]
1742662968208566848,1742662968,195363385,imu_link,4.5,29.0,-22.9375,[0. 0. 0. 0. 0. 0. 0. 0. 0.]
1742662968226900342,1742662968,215408267,imu_link,4.5,29.0,-22.9375,[0. 0. 0. 0. 0. 0. 0. 0. 0.]
1742662968238658013,1742662968,235322758,imu_link,4.5,29.0,-22.9375,[0. 0. 0. 0. 0. 0. 0. 0. 0.]
1742662968268612714,1742662968,255383548,imu_link,4.5625,30.75,-26.5,[0. 0. 0. 0. 0. 0. 0. 0. 0.]
1742662968286506408,1742662968,275330058,imu_link,4.5625,30.75,-26.5,[0. 0. 0. 0. 0. 0. 0. 0. 0.]
1742662968310772572,1742662968,295313624,imu_link,4.375,30.0625,-23.875,[0. 0. 0. 0. 0. 0. 0. 0. 0.]
1742662968318678261,1742662968,315508267,imu_link,4.375,30.0625,-23.875,[0. 0. 0. 0. 0. 0. 0. 0. 0.]
1742662968351582491,1742662968,335326591,imu_link,5.125,30.375,-25.6875,[0. 0. 0. 0. 0. 0. 0. 0. 0.]
1742662968358096017,1742662968,355317694,imu_link,5.125,30.375,-25.6875,[0. 0. 0. 0. 0. 0. 0. 0. 0.]
1742662968387267637,1742662968,375386613,imu_link,5.125,30.375,-25.6875,[0. 0. 0. 0. 0. 0. 0. 0. 0.]
1742662968411388281,1742662968,395346698,imu_link,4.875,30.1875,-24.375,[0. 0. 0. 0. 0. 0. 0. 0. 0.]
1742662968418072735,1742662968,415337579,imu_link,4.875,30.1875,-24.375,[0. 0. 0. 0. 0. 0. 0. 0. 0.]
1742662968453279877,1742662968,435416239,imu_link,5.3125,30.75,-26.25,[0. 0. 0. 0. 0. 0. 0. 0. 0.]
1742662968458397427,1742662968,455287063,imu_link,5.3125,30.75,-26.25,[0. 0. 0. 0. 0. 0. 0. 0. 0.]
1742662968487243747,1742662968,475402760,imu_link,5.3125,30.75,-26.25,[0. 0. 0. 0. 0. 0. 0. 0. 0.]
1742662968509541021,1742662968,495533365,imu_link,5.125,29.25,-24.25,[0. 0. 0. 0. 0. 0. 0. 0. 0.]
1742662968518149642,1742662968,515388911,imu_link,5.125,29.25,-24.25,[0. 0. 0. 0. 0. 0. 0. 0. 0.]
1742662968553952697,1742662968,535379515,imu_link,2.9375,30.25,-26.0625,[0. 0. 0. 0. 0. 0. 0. 0. 0.]
1742662968558077089,1742662968,555413341,imu_link,2.9375,30.25,-26.0625,[0. 0. 0. 0. 0. 0. 0. 0. 0.]
1742662968587272727,1742662968,575394778,imu_link,2.9375,30.25,-26.0625,[0. 0. 0. 0. 0. 0. 0. 0. 0.]
1742662968609348944,1742662968,595346195,imu_link,3.5625,29.625,-23.625,[0. 0. 0. 0. 0. 0. 0. 0. 0.]
1742662968618190956,1742662968,615401410,imu_link,3.5625,29.625,-23.625,[0. 0. 0. 0. 0. 0. 0. 0. 0.]
1742662968658157033,1742662968,635367810,imu_link,4.6875,29.6875,-25.4375,[0. 0. 0. 0. 0. 0. 0. 0. 0.]
1742662968663242139,1742662968,659151247,imu_link,4.6875,29.6875,-25.4375,[0. 0. 0. 0. 0. 0. 0. 0. 0.]
1742662968683299891,1742662968,675402795,imu_link,4.6875,29.6875,-25.4375,[0. 0. 0. 0. 0. 0. 0. 0. 0.]
1742662968708295673,1742662968,695342342,imu_link,5.0,30.8125,-24.5,[0. 0. 0. 0. 0. 0. 0. 0. 0.]
1742662968727532102,1742662968,715395354,imu_link,5.0,30.8125,-24.5,[0. 0. 0. 0. 0. 0. 0. 0. 0.]
1742662968737953575,1742662968,735341475,imu_link,5.0,30.8125,-24.5,[0. 0. 0. 0. 0. 0. 0. 0. 0.]
1742662968774095003,1742662968,755382524,imu_link,6.3125,30.1875,-27.9375,[0. 0. 0. 0. 0. 0. 0. 0. 0.]
1742662968778002301,1742662968,775589814,imu_link,6.3125,30.1875,-27.9375,[0. 0. 0. 0. 0. 0. 0. 0. 0.]
1742662968808088744,1742662968,795402064,imu_link,4.25,29.3125,-25.3125,[0. 0. 0. 0. 0. 0. 0. 0. 0.]
1742662968826851835,1742662968,815577262,imu_link,4.25,29.3125,-25.3125,[0. 0. 0. 0. 0. 0. 0. 0. 0.]
1742662968837718701,1742662968,835338233,imu_link,4.25,29.3125,-25.3125,[0. 0. 0. 0. 0. 0. 0. 0. 0.]
1742662968873101956,1742662968,855408245,imu_link,6.0,29.4375,-26.875,[0. 0. 0. 0. 0. 0. 0. 0. 0.]
1742662968882331953,1742662968,878292155,imu_link,6.0,29.4375,-26.875,[0. 0. 0. 0. 0. 0. 0. 0. 0.]
1742662968913521796,1742662968,895380970,imu_link,4.9375,29.9375,-24.8125,[0. 0. 0. 0. 0. 0. 0. 0. 0.]
1742662968917562799,1742662968,915286277,imu_link,4.9375,29.9375,-24.8125,[0. 0. 0. 0. 0. 0. 0. 0. 0.]
1742662968953433632,1742662968,935379362,imu_link,6.5,30.125,-27.125,[0. 0. 0. 0. 0. 0. 0. 0. 0.]
1742662968958079344,1742662968,955284224,imu_link,6.5,30.125,-27.125,[0. 0. 0. 0. 0. 0. 0. 0. 0.]
1742662968986607050,1742662968,975400070,imu_link,6.5,30.125,-27.125,[0. 0. 0. 0. 0. 0. 0. 0. 0.]
1742662969008524302,1742662968,995486470,imu_link,4.75,30.375,-23.625,[0. 0. 0. 0. 0. 0. 0. 0. 0.]
1742662969017851300,1742662969,15411258,imu_link,4.75,30.375,-23.625,[0. 0. 0. 0. 0. 0. 0. 0. 0.]
1742662969051658576,1742662969,35385287,imu_link,4.3125,30.5625,-25.1875,[0. 0. 0. 0. 0. 0. 0. 0. 0.]
1742662969057575967,1742662969,55294334,imu_link,4.3125,30.5625,-25.1875,[0. 0. 0. 0. 0. 0. 0. 0. 0.]
1742662969086943440,1742662969,75391049,imu_link,4.3125,30.5625,-25.1875,[0. 0. 0. 0. 0. 0. 0. 0. 0.]
1742662969109380308,1742662969,95335504,imu_link,4.125,29.5,-24.5625,[0. 0. 0. 0. 0. 0. 0. 0. 0.]
1742662969117627870,1742662969,115297033,imu_link,4.125,29.5,-24.5625,[0. 0. 0. 0. 0. 0. 0. 0. 0.]
1742662969151950966,1742662969,135402711,imu_link,5.0,31.0625,-26.25,[0. 0. 0. 0. 0. 0. 0. 0. 0.]
1742662969157762523,1742662969,155320684,imu_link,5.0,31.0625,-26.25,[0. 0. 0. 0. 0. 0. 0. 0. 0.]
1742662969186861085,1742662969,175391029,imu_link,5.0,31.0625,-26.25,[0. 0. 0. 0. 0. 0. 0. 0. 0.]
1742662969209014599,1742662969,195365243,imu_link,5.0,31.0625,-26.25,[0. 0. 0. 0. 0. 0. 0. 0. 0.]
1742662969225687799,1742662969,215312883,imu_link,5.0,31.0625,-26.25,[0. 0. 0. 0. 0. 0. 0. 0. 0.]
1742662969237636083,1742662969,235308671,imu_link,5.0,31.0625,-26.25,[0. 0. 0. 0. 0. 0. 0. 0. 0.]
1742662969263221963,1742662969,255396590,imu_link,6.1875,30.125,-27.5,[0. 0. 0. 0. 0. 0. 0. 0. 0.]
1742662969283209548,1742662969,275902902,imu_link,6.1875,30.125,-27.5,[0. 0. 0. 0. 0. 0. 0. 0. 0.]
1742662969307898160,1742662969,295362074,imu_link,4.5,29.5625,-24.625,[0. 0. 0. 0. 0. 0. 0. 0. 0.]
1742662969326183080,1742662969,315528179,imu_link,4.5,29.5625,-24.625,[0. 0. 0. 0. 0. 0. 0. 0. 0.]
1742662969337665711,1742662969,335306447,imu_link,4.5,29.5625,-24.625,[0. 0. 0. 0. 0. 0. 0. 0. 0.]
1742662969363173294,1742662969,355394403,imu_link,5.25,29.3125,-26.75,[0. 0. 0. 0. 0. 0. 0. 0. 0.]
1742662969386553300,1742662969,375334431,imu_link,5.25,29.3125,-26.75,[0. 0. 0. 0. 0. 0. 0. 0. 0.]
1742662969407732563,1742662969,395379387,imu_link,4.5,30.6875,-24.0,[0. 0. 0. 0. 0. 0. 0. 0. 0.]
1742662969426349727,1742662969,415360101,imu_link,4.5,30.6875,-24.0,[0. 0. 0. 0. 0. 0. 0. 0. 0.]
1742662969449550047,1742662969,435344112,imu_link,4.9375,30.5,-26.5,[0. 0. 0. 0. 0. 0. 0. 0. 0.]
1742662969457992037,1742662969,455382363,imu_link,4.9375,30.5,-26.5,[0. 0. 0. 0. 0. 0. 0. 0. 0.]
1742662969486486113,1742662969,475365318,imu_link,4.9375,30.5,-26.5,[0. 0. 0. 0. 0. 0. 0. 0. 0.]
1742662969512296717,1742662969,495398311,imu_link,5.25,30.1875,-24.4375,[0. 0. 0. 0. 0. 0. 0. 0. 0.]
1742662969521749236,1742662969,515295154,imu_link,5.25,30.1875,-24.4375,[0. 0. 0. 0. 0. 0. 0. 0. 0.]
1742662969549118652,1742662969,535376203,imu_link,5.3125,30.5625,-26.5625,[0. 0. 0. 0. 0. 0. 0. 0. 0.]
1742662969557785218,1742662969,555400547,imu_link,5.3125,30.5625,-26.5625,[0. 0. 0. 0. 0. 0. 0. 0. 0.]
1742662969586614778,1742662969,575386743,imu_link,5.3125,30.5625,-26.5625,[0. 0. 0. 0. 0. 0. 0. 0. 0.]
1742662969605244516,1742662969,597249568,imu_link,5.25,30.1875,-24.4375,[0. 0. 0. 0. 0. 0. 0. 0. 0.]
1742662969622460296,1742662969,615318541,imu_link,5.25,30.1875,-24.4375,[0. 0. 0. 0. 0. 0. 0. 0. 0.]
1742662969648178789,1742662969,635392256,imu_link,5.6875,31.3125,-25.5625,[0. 0. 0. 0. 0. 0. 0. 0. 0.]
1742662969658364815,1742662969,655398119,imu_link,5.6875,31.3125,-25.5625,[0. 0. 0. 0. 0. 0. 0. 0. 0.]
1742662969686224828,1742662969,675381166,imu_link,5.6875,31.3125,-25.5625,[0. 0. 0. 0. 0. 0. 0. 0. 0.]
1742662969704790491,1742662969,701389625,imu_link,5.75,30.0,-24.9375,[0. 0. 0. 0. 0. 0. 0. 0. 0.]
1742662969722459979,1742662969,715381725,imu_link,5.75,30.0,-24.9375,[0. 0. 0. 0. 0. 0. 0. 0. 0.]
1742662969752145455,1742662969,735328346,imu_link,5.4375,31.1875,-26.6875,[0. 0. 0. 0. 0. 0. 0. 0. 0.]
1742662969757709158,1742662969,755362487,imu_link,5.4375,31.1875,-26.6875,[0. 0. 0. 0. 0. 0. 0. 0. 0.]
1742662969783217704,1742662969,775302775,imu_link,5.4375,31.1875,-26.6875,[0. 0. 0. 0. 0. 0. 0. 0. 0.]
1742662969810055337,1742662969,795336915,imu_link,4.875,29.875,-24.3125,[0. 0. 0. 0. 0. 0. 0. 0. 0.]
1742662969826384331,1742662969,815433927,imu_link,4.875,29.875,-24.3125,[0. 0. 0. 0. 0. 0. 0. 0. 0.]
1742662969847764521,1742662969,835304270,imu_link,6.5625,30.4375,-25.1875,[0. 0. 0. 0. 0. 0. 0. 0. 0.]
1742662969863267488,1742662969,855394596,imu_link,6.5625,30.4375,-25.1875,[0. 0. 0. 0. 0. 0. 0. 0. 0.]
1742662969883297425,1742662969,875333477,imu_link,6.5625,30.4375,-25.1875,[0. 0. 0. 0. 0. 0. 0. 0. 0.]
1742662969910081687,1742662969,895344247,imu_link,3.5,30.0625,-24.5625,[0. 0. 0. 0. 0. 0. 0. 0. 0.]
1742662969926212549,1742662969,915306535,imu_link,3.5,30.0625,-24.5625,[0. 0. 0. 0. 0. 0. 0. 0. 0.]
1742662969947247996,1742662969,935306601,imu_link,5.8125,31.1875,-26.8125,[0. 0. 0. 0. 0. 0. 0. 0. 0.]
1742662969959632413,1742662969,955304260,imu_link,5.8125,31.1875,-26.8125,[0. 0. 0. 0. 0. 0. 0. 0. 0.]
1742662969996378458,1742662969,975351475,imu_link,3.5,29.25,-23.1875,[0. 0. 0. 0. 0. 0. 0. 0. 0.]
1742662970002565056,1742662969,997868492,imu_link,3.5,29.25,-23.1875,[0. 0. 0. 0. 0. 0. 0. 0. 0.]
1742662970025896432,1742662970,15353477,imu_link,3.5,29.25,-23.1875,[0. 0. 0. 0. 0. 0. 0. 0. 0.]
1742662970051686333,1742662970,35340932,imu_link,5.5625,30.4375,-25.75,[0. 0. 0. 0. 0. 0. 0. 0. 0.]
1742662970059359556,1742662970,55303387,imu_link,5.5625,30.4375,-25.75,[0. 0. 0. 0. 0. 0. 0. 0. 0.]
1742662970097363410,1742662970,75394287,imu_link,3.9375,30.4375,-24.6875,[0. 0. 0. 0. 0. 0. 0. 0. 0.]
1742662970103626545,1742662970,98901351,imu_link,3.9375,30.4375,-24.6875,[0. 0. 0. 0. 0. 0. 0. 0. 0.]
1742662970126418805,1742662970,115373289,imu_link,3.9375,30.4375,-24.6875,[0. 0. 0. 0. 0. 0. 0. 0. 0.]
1742662970150525263,1742662970,135364633,imu_link,5.1875,30.375,-25.6875,[0. 0. 0. 0. 0. 0. 0. 0. 0.]
1742662970159455184,1742662970,155338255,imu_link,5.1875,30.375,-25.6875,[0. 0. 0. 0. 0. 0. 0. 0. 0.]
1742662970196936421,1742662970,175402303,imu_link,5.0,29.9375,-24.8125,[0. 0. 0. 0. 0. 0. 0. 0. 0.]
1742662970205957194,1742662970,198462714,imu_link,5.0,29.9375,-24.8125,[0. 0. 0. 0. 0. 0. 0. 0. 0.]
1742662970224360948,1742662970,215358305,imu_link,5.0,29.9375,-24.8125,[0. 0. 0. 0. 0. 0. 0. 0. 0.]
1742662970249324063,1742662970,235322667,imu_link,4.8125,30.375,-25.625,[0. 0. 0. 0. 0. 0. 0. 0. 0.]
1742662970259367328,1742662970,255330289,imu_link,4.8125,30.375,-25.625,[0. 0. 0. 0. 0. 0. 0. 0. 0.]
1742662970295384532,1742662970,275322373,imu_link,4.125,30.625,-23.9375,[0. 0. 0. 0. 0. 0. 0. 0. 0.]
1742662970304415491,1742662970,296347894,imu_link,4.125,30.625,-23.9375,[0. 0. 0. 0. 0. 0. 0. 0. 0.]
1742662970324978711,1742662970,315485618,imu_link,4.125,30.625,-23.9375,[0. 0. 0. 0. 0. 0. 0. 0. 0.]
1742662970350135531,1742662970,335353997,imu_link,4.5,30.125,-26.375,[0. 0. 0. 0. 0. 0. 0. 0. 0.]
1742662970363422902,1742662970,355373323,imu_link,4.5,30.125,-26.375,[0. 0. 0. 0. 0. 0. 0. 0. 0.]
1742662970383266781,1742662970,375316111,imu_link,4.5,30.125,-26.375,[0. 0. 0. 0. 0. 0. 0. 0. 0.]
1742662970411291037,1742662970,395390770,imu_link,4.125,29.8125,-24.625,[0. 0. 0. 0. 0. 0. 0. 0. 0.]
1742662970427940440,1742662970,415299483,imu_link,4.125,29.8125,-24.625,[0. 0. 0. 0. 0. 0. 0. 0. 0.]
1742662970449032850,1742662970,435298975,imu_link,5.125,30.9375,-25.4375,[0. 0. 0. 0. 0. 0. 0. 0. 0.]
1742662970464062460,1742662970,455303023,imu_link,5.125,30.9375,-25.4375,[0. 0. 0. 0. 0. 0. 0. 0. 0.]
1742662970483893914,1742662970,475341793,imu_link,5.125,30.9375,-25.4375,[0. 0. 0. 0. 0. 0. 0. 0. 0.]
1742662970511986633,1742662970,495557602,imu_link,5.0,30.8125,-24.5,[0. 0. 0. 0. 0. 0. 0. 0. 0.]
1742662970526782852,1742662970,515297221,imu_link,5.0,30.8125,-24.5,[0. 0. 0. 0. 0. 0. 0. 0. 0.]
1742662970553116536,1742662970,535364751,imu_link,4.6875,29.4375,-25.4375,[0. 0. 0. 0. 0. 0. 0. 0. 0.]
1742662970559708822,1742662970,555289020,imu_link,4.6875,29.4375,-25.4375,[0. 0. 0. 0. 0. 0. 0. 0. 0.]
1742662970596300532,1742662970,575388753,imu_link,4.375,29.75,-23.8125,[0. 0. 0. 0. 0. 0. 0. 0. 0.]
1742662970602337425,1742662970,597826084,imu_link,4.375,29.75,-23.8125,[0. 0. 0. 0. 0. 0. 0. 0. 0.]
1742662970626581736,1742662970,615390163,imu_link,4.375,29.75,-23.8125,[0. 0. 0. 0. 0. 0. 0. 0. 0.]
1742662970653235311,1742662970,635470119,imu_link,5.9375,30.5,-25.875,[0. 0. 0. 0. 0. 0. 0. 0. 0.]
1742662970659803653,1742662970,655285850,imu_link,5.9375,30.5,-25.875,[0. 0. 0. 0. 0. 0. 0. 0. 0.]
1742662970697092241,1742662970,675386806,imu_link,4.625,29.875,-24.6875,[0. 0. 0. 0. 0. 0. 0. 0. 0.]
1742662970702519720,1742662970,698603015,imu_link,4.625,29.875,-24.6875,[0. 0. 0. 0. 0. 0. 0. 0. 0.]
1742662970723253219,1742662970,715386883,imu_link,4.625,29.875,-24.6875,[0. 0. 0. 0. 0. 0. 0. 0. 0.]
1742662970749897646,1742662970,735337985,imu_link,4.625,29.875,-24.6875,[0. 0. 0. 0. 0. 0. 0. 0. 0.]
1742662970759750483,1742662970,755304810,imu_link,4.625,29.875,-24.6875,[0. 0. 0. 0. 0. 0. 0. 0. 0.]
1742662970795769243,1742662970,775294635,imu_link,4.5,30.6875,-24.0,[0. 0. 0. 0. 0. 0. 0. 0. 0.]
1742662970805656636,1742662970,797283832,imu_link,4.5,30.6875,-24.0,[0. 0. 0. 0. 0. 0. 0. 0. 0.]
1742662970823983038,1742662970,815511696,imu_link,4.5,30.6875,-24.0,[0. 0. 0. 0. 0. 0. 0. 0. 0.]
1742662970850967302,1742662970,835345853,imu_link,5.125,30.0625,-25.625,[0. 0. 0. 0. 0. 0. 0. 0. 0.]
1742662970859817425,1742662970,855338789,imu_link,5.125,30.0625,-25.625,[0. 0. 0. 0. 0. 0. 0. 0. 0.]
1742662970901264479,1742662970,875318244,imu_link,4.375,29.1875,-24.0625,[0. 0. 0. 0. 0. 0. 0. 0. 0.]
1742662970904571215,1742662970,902272896,imu_link,4.375,29.1875,-24.0625,[0. 0. 0. 0. 0. 0. 0. 0. 0.]
1742662970923348769,1742662970,915328839,imu_link,4.375,29.1875,-24.0625,[0. 0. 0. 0. 0. 0. 0. 0. 0.]
1742662970950728463,1742662970,935344498,imu_link,4.5,30.125,-26.375,[0. 0. 0. 0. 0. 0. 0. 0. 0.]
1742662970963923814,1742662970,955324008,imu_link,4.5,30.125,-26.375,[0. 0. 0. 0. 0. 0. 0. 0. 0.]
1742662970979766729,1742662970,975329852,imu_link,4.5,30.125,-26.375,[0. 0. 0. 0. 0. 0. 0. 0. 0.]
1742662971011008516,1742662970,995554587,imu_link,3.25,29.9375,-23.625,[0. 0. 0. 0. 0. 0. 0. 0. 0.]
1742662971028617873,1742662971,15301280,imu_link,3.25,29.9375,-23.625,[0. 0. 0. 0. 0. 0. 0. 0. 0.]
1742662971049048888,1742662971,35389754,imu_link,5.0,30.25,-24.875,[0. 0. 0. 0. 0. 0. 0. 0. 0.]
1742662971063092747,1742662971,55327245,imu_link,5.0,30.25,-24.875,[0. 0. 0. 0. 0. 0. 0. 0. 0.]
1742662971083705986,1742662971,75370293,imu_link,5.0,30.25,-24.875,[0. 0. 0. 0. 0. 0. 0. 0. 0.]
