timestamp,header.stamp.sec,header.stamp.nanosec,header.frame_id,orientation.x,orientation.y,orientation.z,orientation.w,orientation_covariance,angular_velocity.x,angular_velocity.y,angular_velocity.z,angular_velocity_covariance,linear_acceleration.x,linear_acceleration.y,linear_acceleration.z,linear_acceleration_covariance
1742662962074695009,1742662962,56159438,imu_link,-0.065185546875,0.398193359375,-0.028564453125,3.9794921875,[0. 0. 0. 0. 0. 0. 0. 0. 0.],0.0,0.0,0.0,[0. 0. 0. 0. 0. 0. 0. 0. 0.],0.0,0.0,0.0,[0. 0. 0. 0. 0. 0. 0. 0. 0.]
1742662962080830070,1742662962,75477258,imu_link,-0.065185546875,0.398193359375,-0.028564453125,3.9794921875,[0. 0. 0. 0. 0. 0. 0. 0. 0.],0.0,0.0,0.0,[0. 0. 0. 0. 0. 0. 0. 0. 0.],0.0,0.0,0.0,[0. 0. 0. 0. 0. 0. 0. 0. 0.]
1742662962122461203,1742662962,95428936,imu_link,-0.064697265625,0.3984375,-0.02783203125,3.9794921875,[0. 0. 0. 0. 0. 0. 0. 0. 0.],0.0,0.0,0.0,[0. 0. 0. 0. 0. 0. 0. 0. 0.],0.0,0.0,0.0,[0. 0. 0. 0. 0. 0. 0. 0. 0.]
1742662962128443910,1742662962,122873799,imu_link,-0.064697265625,0.3984375,-0.02783203125,3.9794921875,[0. 0. 0. 0. 0. 0. 0. 0. 0.],0.0,0.0,0.0,[0. 0. 0. 0. 0. 0. 0. 0. 0.],0.0,0.0,0.0,[0. 0. 0. 0. 0. 0. 0. 0. 0.]
1742662962143864729,1742662962,135402793,imu_link,-0.064697265625,0.3984375,-0.02783203125,3.9794921875,[0. 0. 0. 0. 0. 0. 0. 0. 0.],0.0,0.0,0.0,[0. 0. 0. 0. 0. 0. 0. 0. 0.],0.0,0.0,0.0,[0. 0. 0. 0. 0. 0. 0. 0. 0.]
1742662962170558140,1742662962,155386250,imu_link,-0.065185546875,0.398193359375,-0.021728515625,3.9794921875,[0. 0. 0. 0. 0. 0. 0. 0. 0.],0.0,0.0,0.0,[0. 0. 0. 0. 0. 0. 0. 0. 0.],0.0,0.0,0.0,[0. 0. 0. 0. 0. 0. 0. 0. 0.]
1742662962180333070,1742662962,175511744,imu_link,-0.065185546875,0.398193359375,-0.021728515625,3.9794921875,[0. 0. 0. 0. 0. 0. 0. 0. 0.],0.0,0.0,0.0,[0. 0. 0. 0. 0. 0. 0. 0. 0.],0.0,0.0,0.0,[0. 0. 0. 0. 0. 0. 0. 0. 0.]
1742662962221521606,1742662962,195392200,imu_link,-0.066162109375,0.398193359375,-0.009521484375,3.9794921875,[0. 0. 0. 0. 0. 0. 0. 0. 0.],0.0,0.0,0.0,[0. 0. 0. 0. 0. 0. 0. 0. 0.],0.0,0.0,0.0,[0. 0. 0. 0. 0. 0. 0. 0. 0.]
1742662962227028327,1742662962,221853738,imu_link,-0.066162109375,0.398193359375,-0.009521484375,3.9794921875,[0. 0. 0. 0. 0. 0. 0. 0. 0.],0.0,0.0,0.0,[0. 0. 0. 0. 0. 0. 0. 0. 0.],0.0,0.0,0.0,[0. 0. 0. 0. 0. 0. 0. 0. 0.]
1742662962243541878,1742662962,235385946,imu_link,-0.066162109375,0.398193359375,-0.009521484375,3.9794921875,[0. 0. 0. 0. 0. 0. 0. 0. 0.],0.0,0.0,0.0,[0. 0. 0. 0. 0. 0. 0. 0. 0.],0.0,0.0,0.0,[0. 0. 0. 0. 0. 0. 0. 0. 0.]
1742662962270591941,1742662962,255385273,imu_link,-0.0673828125,0.39794921875,0.000244140625,3.9794921875,[0. 0. 0. 0. 0. 0. 0. 0. 0.],0.0,0.0,0.0,[0. 0. 0. 0. 0. 0. 0. 0. 0.],0.0,0.0,0.0,[0. 0. 0. 0. 0. 0. 0. 0. 0.]
1742662962290490730,1742662962,275300543,imu_link,-0.0673828125,0.39794921875,0.000244140625,3.9794921875,[0. 0. 0. 0. 0. 0. 0. 0. 0.],0.0,0.0,0.0,[0. 0. 0. 0. 0. 0. 0. 0. 0.],0.0,0.0,0.0,[0. 0. 0. 0. 0. 0. 0. 0. 0.]
1742662962300437402,1742662962,295300889,imu_link,-0.0673828125,0.39794921875,0.000244140625,3.9794921875,[0. 0. 0. 0. 0. 0. 0. 0. 0.],0.0,0.0,0.0,[0. 0. 0. 0. 0. 0. 0. 0. 0.],0.0,0.0,0.0,[0. 0. 0. 0. 0. 0. 0. 0. 0.]
1742662962337576398,1742662962,315331086,imu_link,-0.06787109375,0.39794921875,0.006591796875,3.9794921875,[0. 0. 0. 0. 0. 0. 0. 0. 0.],0.0,0.0,0.0,[0. 0. 0. 0. 0. 0. 0. 0. 0.],0.0,0.0,0.0,[0. 0. 0. 0. 0. 0. 0. 0. 0.]
1742662962345750590,1742662962,337476157,imu_link,-0.06787109375,0.39794921875,0.006591796875,3.9794921875,[0. 0. 0. 0. 0. 0. 0. 0. 0.],0.0,0.0,0.0,[0. 0. 0. 0. 0. 0. 0. 0. 0.],0.0,0.0,0.0,[0. 0. 0. 0. 0. 0. 0. 0. 0.]
1742662962373815052,1742662962,355493686,imu_link,-0.06787109375,0.397705078125,0.0087890625,3.9794921875,[0. 0. 0. 0. 0. 0. 0. 0. 0.],0.0,0.0,0.0,[0. 0. 0. 0. 0. 0. 0. 0. 0.],0.0,0.0,0.0,[0. 0. 0. 0. 0. 0. 0. 0. 0.]
1742662962381395090,1742662962,375342660,imu_link,-0.06787109375,0.397705078125,0.0087890625,3.9794921875,[0. 0. 0. 0. 0. 0. 0. 0. 0.],0.0,0.0,0.0,[0. 0. 0. 0. 0. 0. 0. 0. 0.],0.0,0.0,0.0,[0. 0. 0. 0. 0. 0. 0. 0. 0.]
1742662962415076218,1742662962,395449025,imu_link,-0.067138671875,0.397705078125,0.0,3.979736328125,[0. 0. 0. 0. 0. 0. 0. 0. 0.],0.0,0.0,0.0,[0. 0. 0. 0. 0. 0. 0. 0. 0.],0.0,0.0,0.0,[0. 0. 0. 0. 0. 0. 0. 0. 0.]
1742662962420017119,1742662962,415483796,imu_link,-0.067138671875,0.397705078125,0.0,3.979736328125,[0. 0. 0. 0. 0. 0. 0. 0. 0.],0.0,0.0,0.0,[0. 0. 0. 0. 0. 0. 0. 0. 0.],0.0,0.0,0.0,[0. 0. 0. 0. 0. 0. 0. 0. 0.]
1742662962449029387,1742662962,435393326,imu_link,-0.067138671875,0.397705078125,0.0,3.979736328125,[0. 0. 0. 0. 0. 0. 0. 0. 0.],0.0,0.0,0.0,[0. 0. 0. 0. 0. 0. 0. 0. 0.],0.0,0.0,0.0,[0. 0. 0. 0. 0. 0. 0. 0. 0.]
1742662962473959373,1742662962,455349616,imu_link,-0.06689453125,0.39794921875,-0.010009765625,3.9794921875,[0. 0. 0. 0. 0. 0. 0. 0. 0.],0.0,0.0,0.0,[0. 0. 0. 0. 0. 0. 0. 0. 0.],0.0,0.0,0.0,[0. 0. 0. 0. 0. 0. 0. 0. 0.]
1742662962479919358,1742662962,475296109,imu_link,-0.06689453125,0.39794921875,-0.010009765625,3.9794921875,[0. 0. 0. 0. 0. 0. 0. 0. 0.],0.0,0.0,0.0,[0. 0. 0. 0. 0. 0. 0. 0. 0.],0.0,0.0,0.0,[0. 0. 0. 0. 0. 0. 0. 0. 0.]
1742662962518004956,1742662962,495419770,imu_link,-0.06591796875,0.39794921875,-0.019287109375,3.9794921875,[0. 0. 0. 0. 0. 0. 0. 0. 0.],0.0,0.0,0.0,[0. 0. 0. 0. 0. 0. 0. 0. 0.],0.0,0.0,0.0,[0. 0. 0. 0. 0. 0. 0. 0. 0.]
1742662962521530453,1742662962,518454553,imu_link,-0.06591796875,0.39794921875,-0.019287109375,3.9794921875,[0. 0. 0. 0. 0. 0. 0. 0. 0.],0.0,0.0,0.0,[0. 0. 0. 0. 0. 0. 0. 0. 0.],0.0,0.0,0.0,[0. 0. 0. 0. 0. 0. 0. 0. 0.]
1742662962548986743,1742662962,535382275,imu_link,-0.06591796875,0.39794921875,-0.019287109375,3.9794921875,[0. 0. 0. 0. 0. 0. 0. 0. 0.],0.0,0.0,0.0,[0. 0. 0. 0. 0. 0. 0. 0. 0.],0.0,0.0,0.0,[0. 0. 0. 0. 0. 0. 0. 0. 0.]
1742662962570008172,1742662962,555308694,imu_link,-0.065673828125,0.39794921875,-0.023681640625,3.9794921875,[0. 0. 0. 0. 0. 0. 0. 0. 0.],0.0,0.0,0.0,[0. 0. 0. 0. 0. 0. 0. 0. 0.],0.0,0.0,0.0,[0. 0. 0. 0. 0. 0. 0. 0. 0.]
1742662962580237773,1742662962,575392985,imu_link,-0.065673828125,0.39794921875,-0.023681640625,3.9794921875,[0. 0. 0. 0. 0. 0. 0. 0. 0.],0.0,0.0,0.0,[0. 0. 0. 0. 0. 0. 0. 0. 0.],0.0,0.0,0.0,[0. 0. 0. 0. 0. 0. 0. 0. 0.]
1742662962618373149,1742662962,595379034,imu_link,-0.064697265625,0.398681640625,-0.0380859375,3.979248046875,[0. 0. 0. 0. 0. 0. 0. 0. 0.],0.0,0.0,0.0,[0. 0. 0. 0. 0. 0. 0. 0. 0.],0.0,0.0,0.0,[0. 0. 0. 0. 0. 0. 0. 0. 0.]
1742662962622676747,1742662962,618773376,imu_link,-0.064697265625,0.398681640625,-0.0380859375,3.979248046875,[0. 0. 0. 0. 0. 0. 0. 0. 0.],0.0,0.0,0.0,[0. 0. 0. 0. 0. 0. 0. 0. 0.],0.0,0.0,0.0,[0. 0. 0. 0. 0. 0. 0. 0. 0.]
1742662962648935210,1742662962,635360724,imu_link,-0.064697265625,0.398681640625,-0.0380859375,3.979248046875,[0. 0. 0. 0. 0. 0. 0. 0. 0.],0.0,0.0,0.0,[0. 0. 0. 0. 0. 0. 0. 0. 0.],0.0,0.0,0.0,[0. 0. 0. 0. 0. 0. 0. 0. 0.]
1742662962669731545,1742662962,655327310,imu_link,-0.064453125,0.399169921875,-0.04541015625,3.979248046875,[0. 0. 0. 0. 0. 0. 0. 0. 0.],0.0,0.0,0.0,[0. 0. 0. 0. 0. 0. 0. 0. 0.],0.0,0.0,0.0,[0. 0. 0. 0. 0. 0. 0. 0. 0.]
1742662962680481836,1742662962,675552806,imu_link,-0.064453125,0.399169921875,-0.04541015625,3.979248046875,[0. 0. 0. 0. 0. 0. 0. 0. 0.],0.0,0.0,0.0,[0. 0. 0. 0. 0. 0. 0. 0. 0.],0.0,0.0,0.0,[0. 0. 0. 0. 0. 0. 0. 0. 0.]
1742662962721197534,1742662962,695359983,imu_link,-0.0634765625,0.3994140625,-0.05419921875,3.979248046875,[0. 0. 0. 0. 0. 0. 0. 0. 0.],0.0,0.0,0.0,[0. 0. 0. 0. 0. 0. 0. 0. 0.],0.0,0.0,0.0,[0. 0. 0. 0. 0. 0. 0. 0. 0.]
1742662962727307539,1742662962,721684742,imu_link,-0.0634765625,0.3994140625,-0.05419921875,3.979248046875,[0. 0. 0. 0. 0. 0. 0. 0. 0.],0.0,0.0,0.0,[0. 0. 0. 0. 0. 0. 0. 0. 0.],0.0,0.0,0.0,[0. 0. 0. 0. 0. 0. 0. 0. 0.]
1742662962744486190,1742662962,735304932,imu_link,-0.0634765625,0.3994140625,-0.05419921875,3.979248046875,[0. 0. 0. 0. 0. 0. 0. 0. 0.],0.0,0.0,0.0,[0. 0. 0. 0. 0. 0. 0. 0. 0.],0.0,0.0,0.0,[0. 0. 0. 0. 0. 0. 0. 0. 0.]
1742662962769859458,1742662962,755381149,imu_link,-0.063720703125,0.399169921875,-0.052978515625,3.979248046875,[0. 0. 0. 0. 0. 0. 0. 0. 0.],0.0,0.0,0.0,[0. 0. 0. 0. 0. 0. 0. 0. 0.],0.0,0.0,0.0,[0. 0. 0. 0. 0. 0. 0. 0. 0.]
1742662962780427766,1742662962,775384957,imu_link,-0.063720703125,0.399169921875,-0.052978515625,3.979248046875,[0. 0. 0. 0. 0. 0. 0. 0. 0.],0.0,0.0,0.0,[0. 0. 0. 0. 0. 0. 0. 0. 0.],0.0,0.0,0.0,[0. 0. 0. 0. 0. 0. 0. 0. 0.]
1742662962820629681,1742662962,795398099,imu_link,-0.064208984375,0.39892578125,-0.047607421875,3.979248046875,[0. 0. 0. 0. 0. 0. 0. 0. 0.],0.0,0.0,0.0,[0. 0. 0. 0. 0. 0. 0. 0. 0.],0.0,0.0,0.0,[0. 0. 0. 0. 0. 0. 0. 0. 0.]
1742662962826509332,1742662962,820550940,imu_link,-0.064208984375,0.39892578125,-0.047607421875,3.979248046875,[0. 0. 0. 0. 0. 0. 0. 0. 0.],0.0,0.0,0.0,[0. 0. 0. 0. 0. 0. 0. 0. 0.],0.0,0.0,0.0,[0. 0. 0. 0. 0. 0. 0. 0. 0.]
1742662962842806511,1742662962,835302104,imu_link,-0.064208984375,0.39892578125,-0.047607421875,3.979248046875,[0. 0. 0. 0. 0. 0. 0. 0. 0.],0.0,0.0,0.0,[0. 0. 0. 0. 0. 0. 0. 0. 0.],0.0,0.0,0.0,[0. 0. 0. 0. 0. 0. 0. 0. 0.]
1742662962869825537,1742662962,855360913,imu_link,-0.06494140625,0.3984375,-0.035400390625,3.9794921875,[0. 0. 0. 0. 0. 0. 0. 0. 0.],0.0,0.0,0.0,[0. 0. 0. 0. 0. 0. 0. 0. 0.],0.0,0.0,0.0,[0. 0. 0. 0. 0. 0. 0. 0. 0.]
1742662962888387942,1742662962,875389407,imu_link,-0.06494140625,0.3984375,-0.035400390625,3.9794921875,[0. 0. 0. 0. 0. 0. 0. 0. 0.],0.0,0.0,0.0,[0. 0. 0. 0. 0. 0. 0. 0. 0.],0.0,0.0,0.0,[0. 0. 0. 0. 0. 0. 0. 0. 0.]
1742662962899398884,1742662962,895386845,imu_link,-0.06494140625,0.3984375,-0.035400390625,3.9794921875,[0. 0. 0. 0. 0. 0. 0. 0. 0.],0.0,0.0,0.0,[0. 0. 0. 0. 0. 0. 0. 0. 0.],0.0,0.0,0.0,[0. 0. 0. 0. 0. 0. 0. 0. 0.]
1742662962929885388,1742662962,915315541,imu_link,-0.06591796875,0.39794921875,-0.026611328125,3.9794921875,[0. 0. 0. 0. 0. 0. 0. 0. 0.],0.0,0.0,0.0,[0. 0. 0. 0. 0. 0. 0. 0. 0.],0.0,0.0,0.0,[0. 0. 0. 0. 0. 0. 0. 0. 0.]
1742662962947465451,1742662962,935302960,imu_link,-0.06591796875,0.39794921875,-0.026611328125,3.9794921875,[0. 0. 0. 0. 0. 0. 0. 0. 0.],0.0,0.0,0.0,[0. 0. 0. 0. 0. 0. 0. 0. 0.],0.0,0.0,0.0,[0. 0. 0. 0. 0. 0. 0. 0. 0.]
1742662962969378926,1742662962,955321639,imu_link,-0.066650390625,0.39794921875,-0.01904296875,3.9794921875,[0. 0. 0. 0. 0. 0. 0. 0. 0.],0.0,0.0,0.0,[0. 0. 0. 0. 0. 0. 0. 0. 0.],0.0,0.0,0.0,[0. 0. 0. 0. 0. 0. 0. 0. 0.]
1742662962988816192,1742662962,975393134,imu_link,-0.066650390625,0.39794921875,-0.01904296875,3.9794921875,[0. 0. 0. 0. 0. 0. 0. 0. 0.],0.0,0.0,0.0,[0. 0. 0. 0. 0. 0. 0. 0. 0.],0.0,0.0,0.0,[0. 0. 0. 0. 0. 0. 0. 0. 0.]
1742662962999738244,1742662962,995539351,imu_link,-0.066650390625,0.39794921875,-0.01904296875,3.9794921875,[0. 0. 0. 0. 0. 0. 0. 0. 0.],0.0,0.0,0.0,[0. 0. 0. 0. 0. 0. 0. 0. 0.],0.0,0.0,0.0,[0. 0. 0. 0. 0. 0. 0. 0. 0.]
1742662963029806911,1742662963,15309861,imu_link,-0.067138671875,0.397705078125,-0.013916015625,3.9794921875,[0. 0. 0. 0. 0. 0. 0. 0. 0.],0.0,0.0,0.0,[0. 0. 0. 0. 0. 0. 0. 0. 0.],0.0,0.0,0.0,[0. 0. 0. 0. 0. 0. 0. 0. 0.]
1742662963048160999,1742662963,35340150,imu_link,-0.067138671875,0.397705078125,-0.013916015625,3.9794921875,[0. 0. 0. 0. 0. 0. 0. 0. 0.],0.0,0.0,0.0,[0. 0. 0. 0. 0. 0. 0. 0. 0.],0.0,0.0,0.0,[0. 0. 0. 0. 0. 0. 0. 0. 0.]
1742662963073198468,1742662963,55301051,imu_link,-0.066650390625,0.398193359375,-0.015869140625,3.9794921875,[0. 0. 0. 0. 0. 0. 0. 0. 0.],0.0,0.0,0.0,[0. 0. 0. 0. 0. 0. 0. 0. 0.],0.0,0.0,0.0,[0. 0. 0. 0. 0. 0. 0. 0. 0.]
1742662963079252250,1742662963,75296081,imu_link,-0.066650390625,0.398193359375,-0.015869140625,3.9794921875,[0. 0. 0. 0. 0. 0. 0. 0. 0.],0.0,0.0,0.0,[0. 0. 0. 0. 0. 0. 0. 0. 0.],0.0,0.0,0.0,[0. 0. 0. 0. 0. 0. 0. 0. 0.]
1742662963117441422,1742662963,95329723,imu_link,-0.066162109375,0.39794921875,-0.020263671875,3.9794921875,[0. 0. 0. 0. 0. 0. 0. 0. 0.],0.0,0.0,0.0,[0. 0. 0. 0. 0. 0. 0. 0. 0.],0.0,0.0,0.0,[0. 0. 0. 0. 0. 0. 0. 0. 0.]
1742662963121874225,1742662963,117857426,imu_link,-0.066162109375,0.39794921875,-0.020263671875,3.9794921875,[0. 0. 0. 0. 0. 0. 0. 0. 0.],0.0,0.0,0.0,[0. 0. 0. 0. 0. 0. 0. 0. 0.],0.0,0.0,0.0,[0. 0. 0. 0. 0. 0. 0. 0. 0.]
1742662963147830518,1742662963,135347562,imu_link,-0.066162109375,0.39794921875,-0.020263671875,3.9794921875,[0. 0. 0. 0. 0. 0. 0. 0. 0.],0.0,0.0,0.0,[0. 0. 0. 0. 0. 0. 0. 0. 0.],0.0,0.0,0.0,[0. 0. 0. 0. 0. 0. 0. 0. 0.]
1742662963173027100,1742662963,155305666,imu_link,-0.06591796875,0.397705078125,-0.021240234375,3.9794921875,[0. 0. 0. 0. 0. 0. 0. 0. 0.],0.0,0.0,0.0,[0. 0. 0. 0. 0. 0. 0. 0. 0.],0.0,0.0,0.0,[0. 0. 0. 0. 0. 0. 0. 0. 0.]
1742662963179528219,1742662963,175446938,imu_link,-0.06591796875,0.397705078125,-0.021240234375,3.9794921875,[0. 0. 0. 0. 0. 0. 0. 0. 0.],0.0,0.0,0.0,[0. 0. 0. 0. 0. 0. 0. 0. 0.],0.0,0.0,0.0,[0. 0. 0. 0. 0. 0. 0. 0. 0.]
1742662963214716010,1742662963,195364153,imu_link,-0.065673828125,0.397705078125,-0.024658203125,3.9794921875,[0. 0. 0. 0. 0. 0. 0. 0. 0.],0.0,0.0,0.0,[0. 0. 0. 0. 0. 0. 0. 0. 0.],0.0,0.0,0.0,[0. 0. 0. 0. 0. 0. 0. 0. 0.]
1742662963219328186,1742662963,215363998,imu_link,-0.065673828125,0.397705078125,-0.024658203125,3.9794921875,[0. 0. 0. 0. 0. 0. 0. 0. 0.],0.0,0.0,0.0,[0. 0. 0. 0. 0. 0. 0. 0. 0.],0.0,0.0,0.0,[0. 0. 0. 0. 0. 0. 0. 0. 0.]
1742662963247947042,1742662963,235393011,imu_link,-0.065673828125,0.397705078125,-0.024658203125,3.9794921875,[0. 0. 0. 0. 0. 0. 0. 0. 0.],0.0,0.0,0.0,[0. 0. 0. 0. 0. 0. 0. 0. 0.],0.0,0.0,0.0,[0. 0. 0. 0. 0. 0. 0. 0. 0.]
1742662963269217622,1742662963,255320170,imu_link,-0.065185546875,0.3974609375,-0.02685546875,3.9794921875,[0. 0. 0. 0. 0. 0. 0. 0. 0.],0.0,0.0,0.0,[0. 0. 0. 0. 0. 0. 0. 0. 0.],0.0,0.0,0.0,[0. 0. 0. 0. 0. 0. 0. 0. 0.]
1742662963279439204,1742662963,275410516,imu_link,-0.065185546875,0.3974609375,-0.02685546875,3.9794921875,[0. 0. 0. 0. 0. 0. 0. 0. 0.],0.0,0.0,0.0,[0. 0. 0. 0. 0. 0. 0. 0. 0.],0.0,0.0,0.0,[0. 0. 0. 0. 0. 0. 0. 0. 0.]
1742662963314824812,1742662963,295380250,imu_link,-0.064208984375,0.39697265625,-0.02783203125,3.979736328125,[0. 0. 0. 0. 0. 0. 0. 0. 0.],0.0,0.0,0.0,[0. 0. 0. 0. 0. 0. 0. 0. 0.],0.0,0.0,0.0,[0. 0. 0. 0. 0. 0. 0. 0. 0.]
1742662963323518971,1742662963,315245742,imu_link,-0.064208984375,0.39697265625,-0.02783203125,3.979736328125,[0. 0. 0. 0. 0. 0. 0. 0. 0.],0.0,0.0,0.0,[0. 0. 0. 0. 0. 0. 0. 0. 0.],0.0,0.0,0.0,[0. 0. 0. 0. 0. 0. 0. 0. 0.]
1742662963344085563,1742662963,335376866,imu_link,-0.064208984375,0.39697265625,-0.02783203125,3.979736328125,[0. 0. 0. 0. 0. 0. 0. 0. 0.],0.0,0.0,0.0,[0. 0. 0. 0. 0. 0. 0. 0. 0.],0.0,0.0,0.0,[0. 0. 0. 0. 0. 0. 0. 0. 0.]
1742662963369270719,1742662963,355410489,imu_link,-0.06494140625,0.396240234375,-0.01806640625,3.979736328125,[0. 0. 0. 0. 0. 0. 0. 0. 0.],0.0,0.0,0.0,[0. 0. 0. 0. 0. 0. 0. 0. 0.],0.0,0.0,0.0,[0. 0. 0. 0. 0. 0. 0. 0. 0.]
1742662963379230631,1742662963,375303926,imu_link,-0.06494140625,0.396240234375,-0.01806640625,3.979736328125,[0. 0. 0. 0. 0. 0. 0. 0. 0.],0.0,0.0,0.0,[0. 0. 0. 0. 0. 0. 0. 0. 0.],0.0,0.0,0.0,[0. 0. 0. 0. 0. 0. 0. 0. 0.]
1742662963417452286,1742662963,395375216,imu_link,-0.06494140625,0.396240234375,-0.014892578125,3.979736328125,[0. 0. 0. 0. 0. 0. 0. 0. 0.],0.0,0.0,0.0,[0. 0. 0. 0. 0. 0. 0. 0. 0.],0.0,0.0,0.0,[0. 0. 0. 0. 0. 0. 0. 0. 0.]
1742662963421909126,1742662963,417928439,imu_link,-0.06494140625,0.396240234375,-0.014892578125,3.979736328125,[0. 0. 0. 0. 0. 0. 0. 0. 0.],0.0,0.0,0.0,[0. 0. 0. 0. 0. 0. 0. 0. 0.],0.0,0.0,0.0,[0. 0. 0. 0. 0. 0. 0. 0. 0.]
1742662963442997760,1742662963,435382574,imu_link,-0.06494140625,0.396240234375,-0.014892578125,3.979736328125,[0. 0. 0. 0. 0. 0. 0. 0. 0.],0.0,0.0,0.0,[0. 0. 0. 0. 0. 0. 0. 0. 0.],0.0,0.0,0.0,[0. 0. 0. 0. 0. 0. 0. 0. 0.]
1742662963469231870,1742662963,455307122,imu_link,-0.064697265625,0.39697265625,-0.015625,3.979736328125,[0. 0. 0. 0. 0. 0. 0. 0. 0.],0.0,0.0,0.0,[0. 0. 0. 0. 0. 0. 0. 0. 0.],0.0,0.0,0.0,[0. 0. 0. 0. 0. 0. 0. 0. 0.]
1742662963487680515,1742662963,475307226,imu_link,-0.064697265625,0.39697265625,-0.015625,3.979736328125,[0. 0. 0. 0. 0. 0. 0. 0. 0.],0.0,0.0,0.0,[0. 0. 0. 0. 0. 0. 0. 0. 0.],0.0,0.0,0.0,[0. 0. 0. 0. 0. 0. 0. 0. 0.]
1742662963499662244,1742662963,495444128,imu_link,-0.064697265625,0.39697265625,-0.015625,3.979736328125,[0. 0. 0. 0. 0. 0. 0. 0. 0.],0.0,0.0,0.0,[0. 0. 0. 0. 0. 0. 0. 0. 0.],0.0,0.0,0.0,[0. 0. 0. 0. 0. 0. 0. 0. 0.]
1742662963535673043,1742662963,515525641,imu_link,-0.064697265625,0.397216796875,-0.01708984375,3.979736328125,[0. 0. 0. 0. 0. 0. 0. 0. 0.],0.0,0.0,0.0,[0. 0. 0. 0. 0. 0. 0. 0. 0.],0.0,0.0,0.0,[0. 0. 0. 0. 0. 0. 0. 0. 0.]
1742662963542920633,1742662963,536106529,imu_link,-0.064697265625,0.397216796875,-0.01708984375,3.979736328125,[0. 0. 0. 0. 0. 0. 0. 0. 0.],0.0,0.0,0.0,[0. 0. 0. 0. 0. 0. 0. 0. 0.],0.0,0.0,0.0,[0. 0. 0. 0. 0. 0. 0. 0. 0.]
1742662963569640822,1742662963,555301403,imu_link,-0.064208984375,0.397705078125,-0.019287109375,3.9794921875,[0. 0. 0. 0. 0. 0. 0. 0. 0.],0.0,0.0,0.0,[0. 0. 0. 0. 0. 0. 0. 0. 0.],0.0,0.0,0.0,[0. 0. 0. 0. 0. 0. 0. 0. 0.]
1742662963588379729,1742662963,575313601,imu_link,-0.064208984375,0.397705078125,-0.019287109375,3.9794921875,[0. 0. 0. 0. 0. 0. 0. 0. 0.],0.0,0.0,0.0,[0. 0. 0. 0. 0. 0. 0. 0. 0.],0.0,0.0,0.0,[0. 0. 0. 0. 0. 0. 0. 0. 0.]
1742662963598603774,1742662963,595303020,imu_link,-0.064208984375,0.397705078125,-0.019287109375,3.9794921875,[0. 0. 0. 0. 0. 0. 0. 0. 0.],0.0,0.0,0.0,[0. 0. 0. 0. 0. 0. 0. 0. 0.],0.0,0.0,0.0,[0. 0. 0. 0. 0. 0. 0. 0. 0.]
1742662963637049542,1742662963,615445811,imu_link,-0.06396484375,0.39794921875,-0.023193359375,3.9794921875,[0. 0. 0. 0. 0. 0. 0. 0. 0.],0.0,0.0,0.0,[0. 0. 0. 0. 0. 0. 0. 0. 0.],0.0,0.0,0.0,[0. 0. 0. 0. 0. 0. 0. 0. 0.]
1742662963642118870,1742662963,637492769,imu_link,-0.06396484375,0.39794921875,-0.023193359375,3.9794921875,[0. 0. 0. 0. 0. 0. 0. 0. 0.],0.0,0.0,0.0,[0. 0. 0. 0. 0. 0. 0. 0. 0.],0.0,0.0,0.0,[0. 0. 0. 0. 0. 0. 0. 0. 0.]
1742662963674948582,1742662963,655361482,imu_link,-0.06396484375,0.39794921875,-0.028076171875,3.9794921875,[0. 0. 0. 0. 0. 0. 0. 0. 0.],0.0,0.0,0.0,[0. 0. 0. 0. 0. 0. 0. 0. 0.],0.0,0.0,0.0,[0. 0. 0. 0. 0. 0. 0. 0. 0.]
1742662963683486592,1742662963,675548107,imu_link,-0.06396484375,0.39794921875,-0.028076171875,3.9794921875,[0. 0. 0. 0. 0. 0. 0. 0. 0.],0.0,0.0,0.0,[0. 0. 0. 0. 0. 0. 0. 0. 0.],0.0,0.0,0.0,[0. 0. 0. 0. 0. 0. 0. 0. 0.]
1742662963714527398,1742662963,695328376,imu_link,-0.064208984375,0.398193359375,-0.02734375,3.9794921875,[0. 0. 0. 0. 0. 0. 0. 0. 0.],0.0,0.0,0.0,[0. 0. 0. 0. 0. 0. 0. 0. 0.],0.0,0.0,0.0,[0. 0. 0. 0. 0. 0. 0. 0. 0.]
1742662963718637365,1742662963,715300072,imu_link,-0.064208984375,0.398193359375,-0.02734375,3.9794921875,[0. 0. 0. 0. 0. 0. 0. 0. 0.],0.0,0.0,0.0,[0. 0. 0. 0. 0. 0. 0. 0. 0.],0.0,0.0,0.0,[0. 0. 0. 0. 0. 0. 0. 0. 0.]
1742662963747893653,1742662963,735308862,imu_link,-0.064208984375,0.398193359375,-0.02734375,3.9794921875,[0. 0. 0. 0. 0. 0. 0. 0. 0.],0.0,0.0,0.0,[0. 0. 0. 0. 0. 0. 0. 0. 0.],0.0,0.0,0.0,[0. 0. 0. 0. 0. 0. 0. 0. 0.]
1742662963774463878,1742662963,755308337,imu_link,-0.065673828125,0.39794921875,-0.016845703125,3.9794921875,[0. 0. 0. 0. 0. 0. 0. 0. 0.],0.0,0.0,0.0,[0. 0. 0. 0. 0. 0. 0. 0. 0.],0.0,0.0,0.0,[0. 0. 0. 0. 0. 0. 0. 0. 0.]
1742662963779011589,1742662963,775288682,imu_link,-0.065673828125,0.39794921875,-0.016845703125,3.9794921875,[0. 0. 0. 0. 0. 0. 0. 0. 0.],0.0,0.0,0.0,[0. 0. 0. 0. 0. 0. 0. 0. 0.],0.0,0.0,0.0,[0. 0. 0. 0. 0. 0. 0. 0. 0.]
1742662963814930332,1742662963,795383584,imu_link,-0.066650390625,0.397705078125,-0.013427734375,3.9794921875,[0. 0. 0. 0. 0. 0. 0. 0. 0.],0.0,0.0,0.0,[0. 0. 0. 0. 0. 0. 0. 0. 0.],0.0,0.0,0.0,[0. 0. 0. 0. 0. 0. 0. 0. 0.]
1742662963818783703,1742662963,815367688,imu_link,-0.066650390625,0.397705078125,-0.013427734375,3.9794921875,[0. 0. 0. 0. 0. 0. 0. 0. 0.],0.0,0.0,0.0,[0. 0. 0. 0. 0. 0. 0. 0. 0.],0.0,0.0,0.0,[0. 0. 0. 0. 0. 0. 0. 0. 0.]
1742662963847670117,1742662963,835356366,imu_link,-0.066650390625,0.397705078125,-0.013427734375,3.9794921875,[0. 0. 0. 0. 0. 0. 0. 0. 0.],0.0,0.0,0.0,[0. 0. 0. 0. 0. 0. 0. 0. 0.],0.0,0.0,0.0,[0. 0. 0. 0. 0. 0. 0. 0. 0.]
1742662963870489879,1742662963,855380860,imu_link,-0.066650390625,0.39794921875,-0.012939453125,3.9794921875,[0. 0. 0. 0. 0. 0. 0. 0. 0.],0.0,0.0,0.0,[0. 0. 0. 0. 0. 0. 0. 0. 0.],0.0,0.0,0.0,[0. 0. 0. 0. 0. 0. 0. 0. 0.]
1742662963882297070,1742662963,875296982,imu_link,-0.066650390625,0.39794921875,-0.012939453125,3.9794921875,[0. 0. 0. 0. 0. 0. 0. 0. 0.],0.0,0.0,0.0,[0. 0. 0. 0. 0. 0. 0. 0. 0.],0.0,0.0,0.0,[0. 0. 0. 0. 0. 0. 0. 0. 0.]
1742662963913992715,1742662963,895372458,imu_link,-0.06640625,0.397705078125,-0.014892578125,3.9794921875,[0. 0. 0. 0. 0. 0. 0. 0. 0.],0.0,0.0,0.0,[0. 0. 0. 0. 0. 0. 0. 0. 0.],0.0,0.0,0.0,[0. 0. 0. 0. 0. 0. 0. 0. 0.]
1742662963921808033,1742662963,915294710,imu_link,-0.06640625,0.397705078125,-0.014892578125,3.9794921875,[0. 0. 0. 0. 0. 0. 0. 0. 0.],0.0,0.0,0.0,[0. 0. 0. 0. 0. 0. 0. 0. 0.],0.0,0.0,0.0,[0. 0. 0. 0. 0. 0. 0. 0. 0.]
1742662963944110642,1742662963,935371537,imu_link,-0.06640625,0.397705078125,-0.014892578125,3.9794921875,[0. 0. 0. 0. 0. 0. 0. 0. 0.],0.0,0.0,0.0,[0. 0. 0. 0. 0. 0. 0. 0. 0.],0.0,0.0,0.0,[0. 0. 0. 0. 0. 0. 0. 0. 0.]
1742662963969947193,1742662963,955325956,imu_link,-0.066162109375,0.397705078125,-0.017333984375,3.9794921875,[0. 0. 0. 0. 0. 0. 0. 0. 0.],0.0,0.0,0.0,[0. 0. 0. 0. 0. 0. 0. 0. 0.],0.0,0.0,0.0,[0. 0. 0. 0. 0. 0. 0. 0. 0.]
1742662963978310034,1742662963,975323023,imu_link,-0.066162109375,0.397705078125,-0.017333984375,3.9794921875,[0. 0. 0. 0. 0. 0. 0. 0. 0.],0.0,0.0,0.0,[0. 0. 0. 0. 0. 0. 0. 0. 0.],0.0,0.0,0.0,[0. 0. 0. 0. 0. 0. 0. 0. 0.]
1742662964018284354,1742662963,995517908,imu_link,-0.06591796875,0.3974609375,-0.021728515625,3.9794921875,[0. 0. 0. 0. 0. 0. 0. 0. 0.],0.0,0.0,0.0,[0. 0. 0. 0. 0. 0. 0. 0. 0.],0.0,0.0,0.0,[0. 0. 0. 0. 0. 0. 0. 0. 0.]
1742662964024228561,1742662964,18682747,imu_link,-0.06591796875,0.3974609375,-0.021728515625,3.9794921875,[0. 0. 0. 0. 0. 0. 0. 0. 0.],0.0,0.0,0.0,[0. 0. 0. 0. 0. 0. 0. 0. 0.],0.0,0.0,0.0,[0. 0. 0. 0. 0. 0. 0. 0. 0.]
1742662964047776422,1742662964,35371078,imu_link,-0.06591796875,0.3974609375,-0.021728515625,3.9794921875,[0. 0. 0. 0. 0. 0. 0. 0. 0.],0.0,0.0,0.0,[0. 0. 0. 0. 0. 0. 0. 0. 0.],0.0,0.0,0.0,[0. 0. 0. 0. 0. 0. 0. 0. 0.]
1742662964068495144,1742662964,55335367,imu_link,-0.0654296875,0.397216796875,-0.0244140625,3.9794921875,[0. 0. 0. 0. 0. 0. 0. 0. 0.],0.0,0.0,0.0,[0. 0. 0. 0. 0. 0. 0. 0. 0.],0.0,0.0,0.0,[0. 0. 0. 0. 0. 0. 0. 0. 0.]
1742662964087134235,1742662964,75348045,imu_link,-0.0654296875,0.397216796875,-0.0244140625,3.9794921875,[0. 0. 0. 0. 0. 0. 0. 0. 0.],0.0,0.0,0.0,[0. 0. 0. 0. 0. 0. 0. 0. 0.],0.0,0.0,0.0,[0. 0. 0. 0. 0. 0. 0. 0. 0.]
1742662964098217900,1742662964,95339409,imu_link,-0.0654296875,0.397216796875,-0.0244140625,3.9794921875,[0. 0. 0. 0. 0. 0. 0. 0. 0.],0.0,0.0,0.0,[0. 0. 0. 0. 0. 0. 0. 0. 0.],0.0,0.0,0.0,[0. 0. 0. 0. 0. 0. 0. 0. 0.]
1742662964134629925,1742662964,115404051,imu_link,-0.065673828125,0.3974609375,-0.023193359375,3.9794921875,[0. 0. 0. 0. 0. 0. 0. 0. 0.],0.0,0.0,0.0,[0. 0. 0. 0. 0. 0. 0. 0. 0.],0.0,0.0,0.0,[0. 0. 0. 0. 0. 0. 0. 0. 0.]
1742662964138290387,1742662964,135285635,imu_link,-0.065673828125,0.3974609375,-0.023193359375,3.9794921875,[0. 0. 0. 0. 0. 0. 0. 0. 0.],0.0,0.0,0.0,[0. 0. 0. 0. 0. 0. 0. 0. 0.],0.0,0.0,0.0,[0. 0. 0. 0. 0. 0. 0. 0. 0.]
1742662964174578429,1742662964,155381389,imu_link,-0.0654296875,0.39794921875,-0.025634765625,3.9794921875,[0. 0. 0. 0. 0. 0. 0. 0. 0.],0.0,0.0,0.0,[0. 0. 0. 0. 0. 0. 0. 0. 0.],0.0,0.0,0.0,[0. 0. 0. 0. 0. 0. 0. 0. 0.]
1742662964182799214,1742662964,175371715,imu_link,-0.0654296875,0.39794921875,-0.025634765625,3.9794921875,[0. 0. 0. 0. 0. 0. 0. 0. 0.],0.0,0.0,0.0,[0. 0. 0. 0. 0. 0. 0. 0. 0.],0.0,0.0,0.0,[0. 0. 0. 0. 0. 0. 0. 0. 0.]
1742662964198288200,1742662964,195358393,imu_link,-0.0654296875,0.39794921875,-0.025634765625,3.9794921875,[0. 0. 0. 0. 0. 0. 0. 0. 0.],0.0,0.0,0.0,[0. 0. 0. 0. 0. 0. 0. 0. 0.],0.0,0.0,0.0,[0. 0. 0. 0. 0. 0. 0. 0. 0.]
1742662964237840015,1742662964,215390035,imu_link,-0.064453125,0.3984375,-0.033203125,3.9794921875,[0. 0. 0. 0. 0. 0. 0. 0. 0.],0.0,0.0,0.0,[0. 0. 0. 0. 0. 0. 0. 0. 0.],0.0,0.0,0.0,[0. 0. 0. 0. 0. 0. 0. 0. 0.]
1742662964244514710,1742662964,238239112,imu_link,-0.064453125,0.3984375,-0.033203125,3.9794921875,[0. 0. 0. 0. 0. 0. 0. 0. 0.],0.0,0.0,0.0,[0. 0. 0. 0. 0. 0. 0. 0. 0.],0.0,0.0,0.0,[0. 0. 0. 0. 0. 0. 0. 0. 0.]
1742662964274655248,1742662964,255363391,imu_link,-0.063720703125,0.39892578125,-0.03515625,3.9794921875,[0. 0. 0. 0. 0. 0. 0. 0. 0.],0.0,0.0,0.0,[0. 0. 0. 0. 0. 0. 0. 0. 0.],0.0,0.0,0.0,[0. 0. 0. 0. 0. 0. 0. 0. 0.]
1742662964283225332,1742662964,275349051,imu_link,-0.063720703125,0.39892578125,-0.03515625,3.9794921875,[0. 0. 0. 0. 0. 0. 0. 0. 0.],0.0,0.0,0.0,[0. 0. 0. 0. 0. 0. 0. 0. 0.],0.0,0.0,0.0,[0. 0. 0. 0. 0. 0. 0. 0. 0.]
1742662964312011375,1742662964,295364841,imu_link,-0.06396484375,0.399169921875,-0.033935546875,3.9794921875,[0. 0. 0. 0. 0. 0. 0. 0. 0.],0.0,0.0,0.0,[0. 0. 0. 0. 0. 0. 0. 0. 0.],0.0,0.0,0.0,[0. 0. 0. 0. 0. 0. 0. 0. 0.]
1742662964318698181,1742662964,315532113,imu_link,-0.06396484375,0.399169921875,-0.033935546875,3.9794921875,[0. 0. 0. 0. 0. 0. 0. 0. 0.],0.0,0.0,0.0,[0. 0. 0. 0. 0. 0. 0. 0. 0.],0.0,0.0,0.0,[0. 0. 0. 0. 0. 0. 0. 0. 0.]
1742662964347278555,1742662964,335372642,imu_link,-0.06396484375,0.399169921875,-0.033935546875,3.9794921875,[0. 0. 0. 0. 0. 0. 0. 0. 0.],0.0,0.0,0.0,[0. 0. 0. 0. 0. 0. 0. 0. 0.],0.0,0.0,0.0,[0. 0. 0. 0. 0. 0. 0. 0. 0.]
1742662964369192512,1742662964,355568692,imu_link,-0.064208984375,0.39892578125,-0.031494140625,3.9794921875,[0. 0. 0. 0. 0. 0. 0. 0. 0.],0.0,0.0,0.0,[0. 0. 0. 0. 0. 0. 0. 0. 0.],0.0,0.0,0.0,[0. 0. 0. 0. 0. 0. 0. 0. 0.]
1742662964382498013,1742662964,375348683,imu_link,-0.064208984375,0.39892578125,-0.031494140625,3.9794921875,[0. 0. 0. 0. 0. 0. 0. 0. 0.],0.0,0.0,0.0,[0. 0. 0. 0. 0. 0. 0. 0. 0.],0.0,0.0,0.0,[0. 0. 0. 0. 0. 0. 0. 0. 0.]
1742662964413881303,1742662964,395383584,imu_link,-0.0634765625,0.398193359375,-0.034912109375,3.9794921875,[0. 0. 0. 0. 0. 0. 0. 0. 0.],0.0,0.0,0.0,[0. 0. 0. 0. 0. 0. 0. 0. 0.],0.0,0.0,0.0,[0. 0. 0. 0. 0. 0. 0. 0. 0.]
1742662964418138771,1742662964,415289317,imu_link,-0.0634765625,0.398193359375,-0.034912109375,3.9794921875,[0. 0. 0. 0. 0. 0. 0. 0. 0.],0.0,0.0,0.0,[0. 0. 0. 0. 0. 0. 0. 0. 0.],0.0,0.0,0.0,[0. 0. 0. 0. 0. 0. 0. 0. 0.]
1742662964447058871,1742662964,435378922,imu_link,-0.0634765625,0.398193359375,-0.034912109375,3.9794921875,[0. 0. 0. 0. 0. 0. 0. 0. 0.],0.0,0.0,0.0,[0. 0. 0. 0. 0. 0. 0. 0. 0.],0.0,0.0,0.0,[0. 0. 0. 0. 0. 0. 0. 0. 0.]
1742662964469994041,1742662964,455375323,imu_link,-0.06298828125,0.398193359375,-0.036865234375,3.9794921875,[0. 0. 0. 0. 0. 0. 0. 0. 0.],0.0,0.0,0.0,[0. 0. 0. 0. 0. 0. 0. 0. 0.],0.0,0.0,0.0,[0. 0. 0. 0. 0. 0. 0. 0. 0.]
1742662964483491581,1742662964,475294704,imu_link,-0.06298828125,0.398193359375,-0.036865234375,3.9794921875,[0. 0. 0. 0. 0. 0. 0. 0. 0.],0.0,0.0,0.0,[0. 0. 0. 0. 0. 0. 0. 0. 0.],0.0,0.0,0.0,[0. 0. 0. 0. 0. 0. 0. 0. 0.]
1742662964513872214,1742662964,495512218,imu_link,-0.063232421875,0.39794921875,-0.03564453125,3.9794921875,[0. 0. 0. 0. 0. 0. 0. 0. 0.],0.0,0.0,0.0,[0. 0. 0. 0. 0. 0. 0. 0. 0.],0.0,0.0,0.0,[0. 0. 0. 0. 0. 0. 0. 0. 0.]
1742662964518157015,1742662964,515286079,imu_link,-0.063232421875,0.39794921875,-0.03564453125,3.9794921875,[0. 0. 0. 0. 0. 0. 0. 0. 0.],0.0,0.0,0.0,[0. 0. 0. 0. 0. 0. 0. 0. 0.],0.0,0.0,0.0,[0. 0. 0. 0. 0. 0. 0. 0. 0.]
1742662964547166264,1742662964,535368240,imu_link,-0.063232421875,0.39794921875,-0.03564453125,3.9794921875,[0. 0. 0. 0. 0. 0. 0. 0. 0.],0.0,0.0,0.0,[0. 0. 0. 0. 0. 0. 0. 0. 0.],0.0,0.0,0.0,[0. 0. 0. 0. 0. 0. 0. 0. 0.]
1742662964570121934,1742662964,555397419,imu_link,-0.063720703125,0.398193359375,-0.033203125,3.9794921875,[0. 0. 0. 0. 0. 0. 0. 0. 0.],0.0,0.0,0.0,[0. 0. 0. 0. 0. 0. 0. 0. 0.],0.0,0.0,0.0,[0. 0. 0. 0. 0. 0. 0. 0. 0.]
1742662964586505003,1742662964,575296207,imu_link,-0.063720703125,0.398193359375,-0.033203125,3.9794921875,[0. 0. 0. 0. 0. 0. 0. 0. 0.],0.0,0.0,0.0,[0. 0. 0. 0. 0. 0. 0. 0. 0.],0.0,0.0,0.0,[0. 0. 0. 0. 0. 0. 0. 0. 0.]
1742662964608541331,1742662964,595335201,imu_link,-0.06494140625,0.3984375,-0.02783203125,3.9794921875,[0. 0. 0. 0. 0. 0. 0. 0. 0.],0.0,0.0,0.0,[0. 0. 0. 0. 0. 0. 0. 0. 0.],0.0,0.0,0.0,[0. 0. 0. 0. 0. 0. 0. 0. 0.]
1742662964624663915,1742662964,615388435,imu_link,-0.06494140625,0.3984375,-0.02783203125,3.9794921875,[0. 0. 0. 0. 0. 0. 0. 0. 0.],0.0,0.0,0.0,[0. 0. 0. 0. 0. 0. 0. 0. 0.],0.0,0.0,0.0,[0. 0. 0. 0. 0. 0. 0. 0. 0.]
1742662964647961904,1742662964,635318613,imu_link,-0.06494140625,0.3984375,-0.02783203125,3.9794921875,[0. 0. 0. 0. 0. 0. 0. 0. 0.],0.0,0.0,0.0,[0. 0. 0. 0. 0. 0. 0. 0. 0.],0.0,0.0,0.0,[0. 0. 0. 0. 0. 0. 0. 0. 0.]
1742662964668596440,1742662964,655439218,imu_link,-0.0654296875,0.3984375,-0.021728515625,3.9794921875,[0. 0. 0. 0. 0. 0. 0. 0. 0.],0.0,0.0,0.0,[0. 0. 0. 0. 0. 0. 0. 0. 0.],0.0,0.0,0.0,[0. 0. 0. 0. 0. 0. 0. 0. 0.]
1742662964686803175,1742662964,675493508,imu_link,-0.0654296875,0.3984375,-0.021728515625,3.9794921875,[0. 0. 0. 0. 0. 0. 0. 0. 0.],0.0,0.0,0.0,[0. 0. 0. 0. 0. 0. 0. 0. 0.],0.0,0.0,0.0,[0. 0. 0. 0. 0. 0. 0. 0. 0.]
1742662964708114996,1742662964,695367482,imu_link,-0.06591796875,0.398681640625,-0.01806640625,3.9794921875,[0. 0. 0. 0. 0. 0. 0. 0. 0.],0.0,0.0,0.0,[0. 0. 0. 0. 0. 0. 0. 0. 0.],0.0,0.0,0.0,[0. 0. 0. 0. 0. 0. 0. 0. 0.]
1742662964724313063,1742662964,715464939,imu_link,-0.06591796875,0.398681640625,-0.01806640625,3.9794921875,[0. 0. 0. 0. 0. 0. 0. 0. 0.],0.0,0.0,0.0,[0. 0. 0. 0. 0. 0. 0. 0. 0.],0.0,0.0,0.0,[0. 0. 0. 0. 0. 0. 0. 0. 0.]
1742662964746397299,1742662964,735330912,imu_link,-0.06591796875,0.398681640625,-0.01806640625,3.9794921875,[0. 0. 0. 0. 0. 0. 0. 0. 0.],0.0,0.0,0.0,[0. 0. 0. 0. 0. 0. 0. 0. 0.],0.0,0.0,0.0,[0. 0. 0. 0. 0. 0. 0. 0. 0.]
1742662964768541591,1742662964,755412258,imu_link,-0.0654296875,0.3984375,-0.01708984375,3.9794921875,[0. 0. 0. 0. 0. 0. 0. 0. 0.],0.0,0.0,0.0,[0. 0. 0. 0. 0. 0. 0. 0. 0.],0.0,0.0,0.0,[0. 0. 0. 0. 0. 0. 0. 0. 0.]
1742662964786333729,1742662964,775294842,imu_link,-0.0654296875,0.3984375,-0.01708984375,3.9794921875,[0. 0. 0. 0. 0. 0. 0. 0. 0.],0.0,0.0,0.0,[0. 0. 0. 0. 0. 0. 0. 0. 0.],0.0,0.0,0.0,[0. 0. 0. 0. 0. 0. 0. 0. 0.]
1742662964809268621,1742662964,795349558,imu_link,-0.065673828125,0.398681640625,-0.01416015625,3.9794921875,[0. 0. 0. 0. 0. 0. 0. 0. 0.],0.0,0.0,0.0,[0. 0. 0. 0. 0. 0. 0. 0. 0.],0.0,0.0,0.0,[0. 0. 0. 0. 0. 0. 0. 0. 0.]
1742662964818984532,1742662964,815331718,imu_link,-0.065673828125,0.398681640625,-0.01416015625,3.9794921875,[0. 0. 0. 0. 0. 0. 0. 0. 0.],0.0,0.0,0.0,[0. 0. 0. 0. 0. 0. 0. 0. 0.],0.0,0.0,0.0,[0. 0. 0. 0. 0. 0. 0. 0. 0.]
1742662964846232893,1742662964,835309729,imu_link,-0.065673828125,0.398681640625,-0.01416015625,3.9794921875,[0. 0. 0. 0. 0. 0. 0. 0. 0.],0.0,0.0,0.0,[0. 0. 0. 0. 0. 0. 0. 0. 0.],0.0,0.0,0.0,[0. 0. 0. 0. 0. 0. 0. 0. 0.]
1742662964873683107,1742662964,855488484,imu_link,-0.06591796875,0.399169921875,-0.010986328125,3.9794921875,[0. 0. 0. 0. 0. 0. 0. 0. 0.],0.0,0.0,0.0,[0. 0. 0. 0. 0. 0. 0. 0. 0.],0.0,0.0,0.0,[0. 0. 0. 0. 0. 0. 0. 0. 0.]
1742662964884214655,1742662964,875288234,imu_link,-0.06591796875,0.399169921875,-0.010986328125,3.9794921875,[0. 0. 0. 0. 0. 0. 0. 0. 0.],0.0,0.0,0.0,[0. 0. 0. 0. 0. 0. 0. 0. 0.],0.0,0.0,0.0,[0. 0. 0. 0. 0. 0. 0. 0. 0.]
1742662964910510396,1742662964,895374228,imu_link,-0.06591796875,0.3994140625,-0.009521484375,3.9794921875,[0. 0. 0. 0. 0. 0. 0. 0. 0.],0.0,0.0,0.0,[0. 0. 0. 0. 0. 0. 0. 0. 0.],0.0,0.0,0.0,[0. 0. 0. 0. 0. 0. 0. 0. 0.]
1742662964919654115,1742662964,915302035,imu_link,-0.06591796875,0.3994140625,-0.009521484375,3.9794921875,[0. 0. 0. 0. 0. 0. 0. 0. 0.],0.0,0.0,0.0,[0. 0. 0. 0. 0. 0. 0. 0. 0.],0.0,0.0,0.0,[0. 0. 0. 0. 0. 0. 0. 0. 0.]
1742662964956633924,1742662964,935393178,imu_link,-0.065673828125,0.3994140625,-0.01025390625,3.9794921875,[0. 0. 0. 0. 0. 0. 0. 0. 0.],0.0,0.0,0.0,[0. 0. 0. 0. 0. 0. 0. 0. 0.],0.0,0.0,0.0,[0. 0. 0. 0. 0. 0. 0. 0. 0.]
1742662964965566938,1742662964,956533608,imu_link,-0.065673828125,0.3994140625,-0.01025390625,3.9794921875,[0. 0. 0. 0. 0. 0. 0. 0. 0.],0.0,0.0,0.0,[0. 0. 0. 0. 0. 0. 0. 0. 0.],0.0,0.0,0.0,[0. 0. 0. 0. 0. 0. 0. 0. 0.]
1742662964983810673,1742662964,975334497,imu_link,-0.065673828125,0.3994140625,-0.01025390625,3.9794921875,[0. 0. 0. 0. 0. 0. 0. 0. 0.],0.0,0.0,0.0,[0. 0. 0. 0. 0. 0. 0. 0. 0.],0.0,0.0,0.0,[0. 0. 0. 0. 0. 0. 0. 0. 0.]
1742662965011510501,1742662964,995488880,imu_link,-0.065673828125,0.39990234375,-0.012939453125,3.9794921875,[0. 0. 0. 0. 0. 0. 0. 0. 0.],0.0,0.0,0.0,[0. 0. 0. 0. 0. 0. 0. 0. 0.],0.0,0.0,0.0,[0. 0. 0. 0. 0. 0. 0. 0. 0.]
1742662965019273225,1742662965,15325557,imu_link,-0.065673828125,0.39990234375,-0.012939453125,3.9794921875,[0. 0. 0. 0. 0. 0. 0. 0. 0.],0.0,0.0,0.0,[0. 0. 0. 0. 0. 0. 0. 0. 0.],0.0,0.0,0.0,[0. 0. 0. 0. 0. 0. 0. 0. 0.]
1742662965060433334,1742662965,35382828,imu_link,-0.065673828125,0.39990234375,-0.0166015625,3.9794921875,[0. 0. 0. 0. 0. 0. 0. 0. 0.],0.0,0.0,0.0,[0. 0. 0. 0. 0. 0. 0. 0. 0.],0.0,0.0,0.0,[0. 0. 0. 0. 0. 0. 0. 0. 0.]
1742662965064887674,1742662965,60869542,imu_link,-0.065673828125,0.39990234375,-0.0166015625,3.9794921875,[0. 0. 0. 0. 0. 0. 0. 0. 0.],0.0,0.0,0.0,[0. 0. 0. 0. 0. 0. 0. 0. 0.],0.0,0.0,0.0,[0. 0. 0. 0. 0. 0. 0. 0. 0.]
1742662965083862212,1742662965,75352999,imu_link,-0.065673828125,0.39990234375,-0.0166015625,3.9794921875,[0. 0. 0. 0. 0. 0. 0. 0. 0.],0.0,0.0,0.0,[0. 0. 0. 0. 0. 0. 0. 0. 0.],0.0,0.0,0.0,[0. 0. 0. 0. 0. 0. 0. 0. 0.]
1742662965109922802,1742662965,95333121,imu_link,-0.065673828125,0.399658203125,-0.020263671875,3.9794921875,[0. 0. 0. 0. 0. 0. 0. 0. 0.],0.0,0.0,0.0,[0. 0. 0. 0. 0. 0. 0. 0. 0.],0.0,0.0,0.0,[0. 0. 0. 0. 0. 0. 0. 0. 0.]
1742662965123798420,1742662965,115350596,imu_link,-0.065673828125,0.399658203125,-0.020263671875,3.9794921875,[0. 0. 0. 0. 0. 0. 0. 0. 0.],0.0,0.0,0.0,[0. 0. 0. 0. 0. 0. 0. 0. 0.],0.0,0.0,0.0,[0. 0. 0. 0. 0. 0. 0. 0. 0.]
1742662965143639689,1742662965,135311903,imu_link,-0.065673828125,0.399658203125,-0.020263671875,3.9794921875,[0. 0. 0. 0. 0. 0. 0. 0. 0.],0.0,0.0,0.0,[0. 0. 0. 0. 0. 0. 0. 0. 0.],0.0,0.0,0.0,[0. 0. 0. 0. 0. 0. 0. 0. 0.]
1742662965171121422,1742662965,155401860,imu_link,-0.065185546875,0.399658203125,-0.023681640625,3.9794921875,[0. 0. 0. 0. 0. 0. 0. 0. 0.],0.0,0.0,0.0,[0. 0. 0. 0. 0. 0. 0. 0. 0.],0.0,0.0,0.0,[0. 0. 0. 0. 0. 0. 0. 0. 0.]
1742662965187672066,1742662965,175445983,imu_link,-0.065185546875,0.399658203125,-0.023681640625,3.9794921875,[0. 0. 0. 0. 0. 0. 0. 0. 0.],0.0,0.0,0.0,[0. 0. 0. 0. 0. 0. 0. 0. 0.],0.0,0.0,0.0,[0. 0. 0. 0. 0. 0. 0. 0. 0.]
1742662965209788488,1742662965,195387365,imu_link,-0.064697265625,0.399658203125,-0.022216796875,3.9794921875,[0. 0. 0. 0. 0. 0. 0. 0. 0.],0.0,0.0,0.0,[0. 0. 0. 0. 0. 0. 0. 0. 0.],0.0,0.0,0.0,[0. 0. 0. 0. 0. 0. 0. 0. 0.]
1742662965224450632,1742662965,215343413,imu_link,-0.064697265625,0.399658203125,-0.022216796875,3.9794921875,[0. 0. 0. 0. 0. 0. 0. 0. 0.],0.0,0.0,0.0,[0. 0. 0. 0. 0. 0. 0. 0. 0.],0.0,0.0,0.0,[0. 0. 0. 0. 0. 0. 0. 0. 0.]
1742662965257585735,1742662965,235323535,imu_link,-0.06396484375,0.399658203125,-0.027099609375,3.979248046875,[0. 0. 0. 0. 0. 0. 0. 0. 0.],0.0,0.0,0.0,[0. 0. 0. 0. 0. 0. 0. 0. 0.],0.0,0.0,0.0,[0. 0. 0. 0. 0. 0. 0. 0. 0.]
1742662965263631943,1742662965,258018073,imu_link,-0.06396484375,0.399658203125,-0.027099609375,3.979248046875,[0. 0. 0. 0. 0. 0. 0. 0. 0.],0.0,0.0,0.0,[0. 0. 0. 0. 0. 0. 0. 0. 0.],0.0,0.0,0.0,[0. 0. 0. 0. 0. 0. 0. 0. 0.]
1742662965285750198,1742662965,275315132,imu_link,-0.06396484375,0.399658203125,-0.027099609375,3.979248046875,[0. 0. 0. 0. 0. 0. 0. 0. 0.],0.0,0.0,0.0,[0. 0. 0. 0. 0. 0. 0. 0. 0.],0.0,0.0,0.0,[0. 0. 0. 0. 0. 0. 0. 0. 0.]
1742662965313680602,1742662965,295390607,imu_link,-0.06396484375,0.39990234375,-0.028564453125,3.979248046875,[0. 0. 0. 0. 0. 0. 0. 0. 0.],0.0,0.0,0.0,[0. 0. 0. 0. 0. 0. 0. 0. 0.],0.0,0.0,0.0,[0. 0. 0. 0. 0. 0. 0. 0. 0.]
1742662965322099703,1742662965,315649288,imu_link,-0.06396484375,0.39990234375,-0.028564453125,3.979248046875,[0. 0. 0. 0. 0. 0. 0. 0. 0.],0.0,0.0,0.0,[0. 0. 0. 0. 0. 0. 0. 0. 0.],0.0,0.0,0.0,[0. 0. 0. 0. 0. 0. 0. 0. 0.]
1742662965345814418,1742662965,335369556,imu_link,-0.06396484375,0.39990234375,-0.028564453125,3.979248046875,[0. 0. 0. 0. 0. 0. 0. 0. 0.],0.0,0.0,0.0,[0. 0. 0. 0. 0. 0. 0. 0. 0.],0.0,0.0,0.0,[0. 0. 0. 0. 0. 0. 0. 0. 0.]
1742662965374938630,1742662965,355393716,imu_link,-0.062744140625,0.39990234375,-0.03564453125,3.979248046875,[0. 0. 0. 0. 0. 0. 0. 0. 0.],0.0,0.0,0.0,[0. 0. 0. 0. 0. 0. 0. 0. 0.],0.0,0.0,0.0,[0. 0. 0. 0. 0. 0. 0. 0. 0.]
1742662965384942303,1742662965,375503506,imu_link,-0.062744140625,0.39990234375,-0.03564453125,3.979248046875,[0. 0. 0. 0. 0. 0. 0. 0. 0.],0.0,0.0,0.0,[0. 0. 0. 0. 0. 0. 0. 0. 0.],0.0,0.0,0.0,[0. 0. 0. 0. 0. 0. 0. 0. 0.]
1742662965412569834,1742662965,395546925,imu_link,-0.0625,0.39990234375,-0.039306640625,3.979248046875,[0. 0. 0. 0. 0. 0. 0. 0. 0.],0.0,0.0,0.0,[0. 0. 0. 0. 0. 0. 0. 0. 0.],0.0,0.0,0.0,[0. 0. 0. 0. 0. 0. 0. 0. 0.]
1742662965421544551,1742662965,415318138,imu_link,-0.0625,0.39990234375,-0.039306640625,3.979248046875,[0. 0. 0. 0. 0. 0. 0. 0. 0.],0.0,0.0,0.0,[0. 0. 0. 0. 0. 0. 0. 0. 0.],0.0,0.0,0.0,[0. 0. 0. 0. 0. 0. 0. 0. 0.]
1742662965456809065,1742662965,435415280,imu_link,-0.063232421875,0.3994140625,-0.03662109375,3.979248046875,[0. 0. 0. 0. 0. 0. 0. 0. 0.],0.0,0.0,0.0,[0. 0. 0. 0. 0. 0. 0. 0. 0.],0.0,0.0,0.0,[0. 0. 0. 0. 0. 0. 0. 0. 0.]
1742662965462860791,1742662965,457226939,imu_link,-0.063232421875,0.3994140625,-0.03662109375,3.979248046875,[0. 0. 0. 0. 0. 0. 0. 0. 0.],0.0,0.0,0.0,[0. 0. 0. 0. 0. 0. 0. 0. 0.],0.0,0.0,0.0,[0. 0. 0. 0. 0. 0. 0. 0. 0.]
1742662965487982334,1742662965,475315747,imu_link,-0.063232421875,0.3994140625,-0.03662109375,3.979248046875,[0. 0. 0. 0. 0. 0. 0. 0. 0.],0.0,0.0,0.0,[0. 0. 0. 0. 0. 0. 0. 0. 0.],0.0,0.0,0.0,[0. 0. 0. 0. 0. 0. 0. 0. 0.]
1742662965512120461,1742662965,495589668,imu_link,-0.064208984375,0.399169921875,-0.02734375,3.9794921875,[0. 0. 0. 0. 0. 0. 0. 0. 0.],0.0,0.0,0.0,[0. 0. 0. 0. 0. 0. 0. 0. 0.],0.0,0.0,0.0,[0. 0. 0. 0. 0. 0. 0. 0. 0.]
1742662965520918084,1742662965,515297362,imu_link,-0.064208984375,0.399169921875,-0.02734375,3.9794921875,[0. 0. 0. 0. 0. 0. 0. 0. 0.],0.0,0.0,0.0,[0. 0. 0. 0. 0. 0. 0. 0. 0.],0.0,0.0,0.0,[0. 0. 0. 0. 0. 0. 0. 0. 0.]
1742662965557826040,1742662965,535329559,imu_link,-0.064697265625,0.399169921875,-0.021728515625,3.9794921875,[0. 0. 0. 0. 0. 0. 0. 0. 0.],0.0,0.0,0.0,[0. 0. 0. 0. 0. 0. 0. 0. 0.],0.0,0.0,0.0,[0. 0. 0. 0. 0. 0. 0. 0. 0.]
1742662965566738757,1742662965,558235007,imu_link,-0.064697265625,0.399169921875,-0.021728515625,3.9794921875,[0. 0. 0. 0. 0. 0. 0. 0. 0.],0.0,0.0,0.0,[0. 0. 0. 0. 0. 0. 0. 0. 0.],0.0,0.0,0.0,[0. 0. 0. 0. 0. 0. 0. 0. 0.]
1742662965585132623,1742662965,575391842,imu_link,-0.064697265625,0.399169921875,-0.021728515625,3.9794921875,[0. 0. 0. 0. 0. 0. 0. 0. 0.],0.0,0.0,0.0,[0. 0. 0. 0. 0. 0. 0. 0. 0.],0.0,0.0,0.0,[0. 0. 0. 0. 0. 0. 0. 0. 0.]
1742662965611555901,1742662965,595390502,imu_link,-0.0654296875,0.398681640625,-0.015625,3.9794921875,[0. 0. 0. 0. 0. 0. 0. 0. 0.],0.0,0.0,0.0,[0. 0. 0. 0. 0. 0. 0. 0. 0.],0.0,0.0,0.0,[0. 0. 0. 0. 0. 0. 0. 0. 0.]
1742662965621173163,1742662965,615339494,imu_link,-0.0654296875,0.398681640625,-0.015625,3.9794921875,[0. 0. 0. 0. 0. 0. 0. 0. 0.],0.0,0.0,0.0,[0. 0. 0. 0. 0. 0. 0. 0. 0.],0.0,0.0,0.0,[0. 0. 0. 0. 0. 0. 0. 0. 0.]
1742662965661836081,1742662965,635331339,imu_link,-0.06591796875,0.398681640625,-0.008056640625,3.9794921875,[0. 0. 0. 0. 0. 0. 0. 0. 0.],0.0,0.0,0.0,[0. 0. 0. 0. 0. 0. 0. 0. 0.],0.0,0.0,0.0,[0. 0. 0. 0. 0. 0. 0. 0. 0.]
1742662965665158447,1742662965,662242289,imu_link,-0.06591796875,0.398681640625,-0.008056640625,3.9794921875,[0. 0. 0. 0. 0. 0. 0. 0. 0.],0.0,0.0,0.0,[0. 0. 0. 0. 0. 0. 0. 0. 0.],0.0,0.0,0.0,[0. 0. 0. 0. 0. 0. 0. 0. 0.]
1742662965684594694,1742662965,675430900,imu_link,-0.06591796875,0.398681640625,-0.008056640625,3.9794921875,[0. 0. 0. 0. 0. 0. 0. 0. 0.],0.0,0.0,0.0,[0. 0. 0. 0. 0. 0. 0. 0. 0.],0.0,0.0,0.0,[0. 0. 0. 0. 0. 0. 0. 0. 0.]
1742662965711691442,1742662965,695396115,imu_link,-0.065673828125,0.3984375,-0.00634765625,3.9794921875,[0. 0. 0. 0. 0. 0. 0. 0. 0.],0.0,0.0,0.0,[0. 0. 0. 0. 0. 0. 0. 0. 0.],0.0,0.0,0.0,[0. 0. 0. 0. 0. 0. 0. 0. 0.]
1742662965724414937,1742662965,715313311,imu_link,-0.065673828125,0.3984375,-0.00634765625,3.9794921875,[0. 0. 0. 0. 0. 0. 0. 0. 0.],0.0,0.0,0.0,[0. 0. 0. 0. 0. 0. 0. 0. 0.],0.0,0.0,0.0,[0. 0. 0. 0. 0. 0. 0. 0. 0.]
1742662965745303624,1742662965,735339007,imu_link,-0.065673828125,0.3984375,-0.00634765625,3.9794921875,[0. 0. 0. 0. 0. 0. 0. 0. 0.],0.0,0.0,0.0,[0. 0. 0. 0. 0. 0. 0. 0. 0.],0.0,0.0,0.0,[0. 0. 0. 0. 0. 0. 0. 0. 0.]
1742662965772520503,1742662965,755330778,imu_link,-0.06591796875,0.398681640625,-0.003662109375,3.9794921875,[0. 0. 0. 0. 0. 0. 0. 0. 0.],0.0,0.0,0.0,[0. 0. 0. 0. 0. 0. 0. 0. 0.],0.0,0.0,0.0,[0. 0. 0. 0. 0. 0. 0. 0. 0.]
1742662965788534734,1742662965,775300771,imu_link,-0.06591796875,0.398681640625,-0.003662109375,3.9794921875,[0. 0. 0. 0. 0. 0. 0. 0. 0.],0.0,0.0,0.0,[0. 0. 0. 0. 0. 0. 0. 0. 0.],0.0,0.0,0.0,[0. 0. 0. 0. 0. 0. 0. 0. 0.]
1742662965810310541,1742662965,795385653,imu_link,-0.06591796875,0.39892578125,-0.00537109375,3.9794921875,[0. 0. 0. 0. 0. 0. 0. 0. 0.],0.0,0.0,0.0,[0. 0. 0. 0. 0. 0. 0. 0. 0.],0.0,0.0,0.0,[0. 0. 0. 0. 0. 0. 0. 0. 0.]
1742662965823942582,1742662965,815443147,imu_link,-0.06591796875,0.39892578125,-0.00537109375,3.9794921875,[0. 0. 0. 0. 0. 0. 0. 0. 0.],0.0,0.0,0.0,[0. 0. 0. 0. 0. 0. 0. 0. 0.],0.0,0.0,0.0,[0. 0. 0. 0. 0. 0. 0. 0. 0.]
1742662965857341448,1742662965,835319731,imu_link,-0.065185546875,0.398681640625,-0.0087890625,3.9794921875,[0. 0. 0. 0. 0. 0. 0. 0. 0.],0.0,0.0,0.0,[0. 0. 0. 0. 0. 0. 0. 0. 0.],0.0,0.0,0.0,[0. 0. 0. 0. 0. 0. 0. 0. 0.]
1742662965862932910,1742662965,857807897,imu_link,-0.065185546875,0.398681640625,-0.0087890625,3.9794921875,[0. 0. 0. 0. 0. 0. 0. 0. 0.],0.0,0.0,0.0,[0. 0. 0. 0. 0. 0. 0. 0. 0.],0.0,0.0,0.0,[0. 0. 0. 0. 0. 0. 0. 0. 0.]
1742662965888026805,1742662965,875316717,imu_link,-0.065185546875,0.398681640625,-0.0087890625,3.9794921875,[0. 0. 0. 0. 0. 0. 0. 0. 0.],0.0,0.0,0.0,[0. 0. 0. 0. 0. 0. 0. 0. 0.],0.0,0.0,0.0,[0. 0. 0. 0. 0. 0. 0. 0. 0.]
1742662965907276994,1742662965,895385933,imu_link,-0.065185546875,0.398681640625,-0.008544921875,3.9794921875,[0. 0. 0. 0. 0. 0. 0. 0. 0.],0.0,0.0,0.0,[0. 0. 0. 0. 0. 0. 0. 0. 0.],0.0,0.0,0.0,[0. 0. 0. 0. 0. 0. 0. 0. 0.]
1742662965923939788,1742662965,915360463,imu_link,-0.065185546875,0.398681640625,-0.008544921875,3.9794921875,[0. 0. 0. 0. 0. 0. 0. 0. 0.],0.0,0.0,0.0,[0. 0. 0. 0. 0. 0. 0. 0. 0.],0.0,0.0,0.0,[0. 0. 0. 0. 0. 0. 0. 0. 0.]
1742662965955663952,1742662965,935380789,imu_link,-0.06494140625,0.39892578125,-0.014892578125,3.9794921875,[0. 0. 0. 0. 0. 0. 0. 0. 0.],0.0,0.0,0.0,[0. 0. 0. 0. 0. 0. 0. 0. 0.],0.0,0.0,0.0,[0. 0. 0. 0. 0. 0. 0. 0. 0.]
1742662965961834957,1742662965,956058493,imu_link,-0.06494140625,0.39892578125,-0.014892578125,3.9794921875,[0. 0. 0. 0. 0. 0. 0. 0. 0.],0.0,0.0,0.0,[0. 0. 0. 0. 0. 0. 0. 0. 0.],0.0,0.0,0.0,[0. 0. 0. 0. 0. 0. 0. 0. 0.]
1742662965990156698,1742662965,975349071,imu_link,-0.06494140625,0.39892578125,-0.014892578125,3.9794921875,[0. 0. 0. 0. 0. 0. 0. 0. 0.],0.0,0.0,0.0,[0. 0. 0. 0. 0. 0. 0. 0. 0.],0.0,0.0,0.0,[0. 0. 0. 0. 0. 0. 0. 0. 0.]
1742662966012133544,1742662965,995516733,imu_link,-0.064208984375,0.399169921875,-0.020263671875,3.9794921875,[0. 0. 0. 0. 0. 0. 0. 0. 0.],0.0,0.0,0.0,[0. 0. 0. 0. 0. 0. 0. 0. 0.],0.0,0.0,0.0,[0. 0. 0. 0. 0. 0. 0. 0. 0.]
1742662966020892186,1742662966,15328483,imu_link,-0.064208984375,0.399169921875,-0.020263671875,3.9794921875,[0. 0. 0. 0. 0. 0. 0. 0. 0.],0.0,0.0,0.0,[0. 0. 0. 0. 0. 0. 0. 0. 0.],0.0,0.0,0.0,[0. 0. 0. 0. 0. 0. 0. 0. 0.]
1742662966057849160,1742662966,35375457,imu_link,-0.064208984375,0.399169921875,-0.021728515625,3.9794921875,[0. 0. 0. 0. 0. 0. 0. 0. 0.],0.0,0.0,0.0,[0. 0. 0. 0. 0. 0. 0. 0. 0.],0.0,0.0,0.0,[0. 0. 0. 0. 0. 0. 0. 0. 0.]
1742662966062800745,1742662966,58266831,imu_link,-0.064208984375,0.399169921875,-0.021728515625,3.9794921875,[0. 0. 0. 0. 0. 0. 0. 0. 0.],0.0,0.0,0.0,[0. 0. 0. 0. 0. 0. 0. 0. 0.],0.0,0.0,0.0,[0. 0. 0. 0. 0. 0. 0. 0. 0.]
1742662966089642046,1742662966,75371313,imu_link,-0.064208984375,0.399169921875,-0.021728515625,3.9794921875,[0. 0. 0. 0. 0. 0. 0. 0. 0.],0.0,0.0,0.0,[0. 0. 0. 0. 0. 0. 0. 0. 0.],0.0,0.0,0.0,[0. 0. 0. 0. 0. 0. 0. 0. 0.]
1742662966111066071,1742662966,95352028,imu_link,-0.063232421875,0.3994140625,-0.02783203125,3.9794921875,[0. 0. 0. 0. 0. 0. 0. 0. 0.],0.0,0.0,0.0,[0. 0. 0. 0. 0. 0. 0. 0. 0.],0.0,0.0,0.0,[0. 0. 0. 0. 0. 0. 0. 0. 0.]
1742662966120943020,1742662966,115342021,imu_link,-0.063232421875,0.3994140625,-0.02783203125,3.9794921875,[0. 0. 0. 0. 0. 0. 0. 0. 0.],0.0,0.0,0.0,[0. 0. 0. 0. 0. 0. 0. 0. 0.],0.0,0.0,0.0,[0. 0. 0. 0. 0. 0. 0. 0. 0.]
1742662966163471068,1742662966,135389014,imu_link,-0.063720703125,0.399658203125,-0.025634765625,3.9794921875,[0. 0. 0. 0. 0. 0. 0. 0. 0.],0.0,0.0,0.0,[0. 0. 0. 0. 0. 0. 0. 0. 0.],0.0,0.0,0.0,[0. 0. 0. 0. 0. 0. 0. 0. 0.]
1742662966167963519,1742662966,163963480,imu_link,-0.063720703125,0.399658203125,-0.025634765625,3.9794921875,[0. 0. 0. 0. 0. 0. 0. 0. 0.],0.0,0.0,0.0,[0. 0. 0. 0. 0. 0. 0. 0. 0.],0.0,0.0,0.0,[0. 0. 0. 0. 0. 0. 0. 0. 0.]
1742662966184386421,1742662966,175534742,imu_link,-0.063720703125,0.399658203125,-0.025634765625,3.9794921875,[0. 0. 0. 0. 0. 0. 0. 0. 0.],0.0,0.0,0.0,[0. 0. 0. 0. 0. 0. 0. 0. 0.],0.0,0.0,0.0,[0. 0. 0. 0. 0. 0. 0. 0. 0.]
1742662966212384919,1742662966,195427030,imu_link,-0.06396484375,0.39990234375,-0.026123046875,3.979248046875,[0. 0. 0. 0. 0. 0. 0. 0. 0.],0.0,0.0,0.0,[0. 0. 0. 0. 0. 0. 0. 0. 0.],0.0,0.0,0.0,[0. 0. 0. 0. 0. 0. 0. 0. 0.]
1742662966221518231,1742662966,215351151,imu_link,-0.06396484375,0.39990234375,-0.026123046875,3.979248046875,[0. 0. 0. 0. 0. 0. 0. 0. 0.],0.0,0.0,0.0,[0. 0. 0. 0. 0. 0. 0. 0. 0.],0.0,0.0,0.0,[0. 0. 0. 0. 0. 0. 0. 0. 0.]
1742662966263009860,1742662966,235507461,imu_link,-0.0634765625,0.39990234375,-0.03125,3.979248046875,[0. 0. 0. 0. 0. 0. 0. 0. 0.],0.0,0.0,0.0,[0. 0. 0. 0. 0. 0. 0. 0. 0.],0.0,0.0,0.0,[0. 0. 0. 0. 0. 0. 0. 0. 0.]
1742662966268050317,1742662966,262886878,imu_link,-0.0634765625,0.39990234375,-0.03125,3.979248046875,[0. 0. 0. 0. 0. 0. 0. 0. 0.],0.0,0.0,0.0,[0. 0. 0. 0. 0. 0. 0. 0. 0.],0.0,0.0,0.0,[0. 0. 0. 0. 0. 0. 0. 0. 0.]
1742662966304325340,1742662966,275382223,imu_link,-0.0625,0.400146484375,-0.0380859375,3.979248046875,[0. 0. 0. 0. 0. 0. 0. 0. 0.],0.0,0.0,0.0,[0. 0. 0. 0. 0. 0. 0. 0. 0.],0.0,0.0,0.0,[0. 0. 0. 0. 0. 0. 0. 0. 0.]
1742662966311696246,1742662966,304930124,imu_link,-0.0625,0.400146484375,-0.0380859375,3.979248046875,[0. 0. 0. 0. 0. 0. 0. 0. 0.],0.0,0.0,0.0,[0. 0. 0. 0. 0. 0. 0. 0. 0.],0.0,0.0,0.0,[0. 0. 0. 0. 0. 0. 0. 0. 0.]
1742662966333389218,1742662966,316392385,imu_link,-0.0625,0.400146484375,-0.0380859375,3.979248046875,[0. 0. 0. 0. 0. 0. 0. 0. 0.],0.0,0.0,0.0,[0. 0. 0. 0. 0. 0. 0. 0. 0.],0.0,0.0,0.0,[0. 0. 0. 0. 0. 0. 0. 0. 0.]
1742662966341344871,1742662966,335478794,imu_link,-0.0625,0.400146484375,-0.0380859375,3.979248046875,[0. 0. 0. 0. 0. 0. 0. 0. 0.],0.0,0.0,0.0,[0. 0. 0. 0. 0. 0. 0. 0. 0.],0.0,0.0,0.0,[0. 0. 0. 0. 0. 0. 0. 0. 0.]
1742662966384349071,1742662966,355695919,imu_link,-0.0625,0.39990234375,-0.034912109375,3.979248046875,[0. 0. 0. 0. 0. 0. 0. 0. 0.],0.0,0.0,0.0,[0. 0. 0. 0. 0. 0. 0. 0. 0.],0.0,0.0,0.0,[0. 0. 0. 0. 0. 0. 0. 0. 0.]
1742662966391194786,1742662966,384900521,imu_link,-0.0625,0.39990234375,-0.034912109375,3.979248046875,[0. 0. 0. 0. 0. 0. 0. 0. 0.],0.0,0.0,0.0,[0. 0. 0. 0. 0. 0. 0. 0. 0.],0.0,0.0,0.0,[0. 0. 0. 0. 0. 0. 0. 0. 0.]
1742662966418815558,1742662966,395531440,imu_link,-0.062744140625,0.399169921875,-0.033447265625,3.9794921875,[0. 0. 0. 0. 0. 0. 0. 0. 0.],0.0,0.0,0.0,[0. 0. 0. 0. 0. 0. 0. 0. 0.],0.0,0.0,0.0,[0. 0. 0. 0. 0. 0. 0. 0. 0.]
1742662966439029627,1742662966,419785234,imu_link,-0.062744140625,0.399169921875,-0.033447265625,3.9794921875,[0. 0. 0. 0. 0. 0. 0. 0. 0.],0.0,0.0,0.0,[0. 0. 0. 0. 0. 0. 0. 0. 0.],0.0,0.0,0.0,[0. 0. 0. 0. 0. 0. 0. 0. 0.]
1742662966461790035,1742662966,442612328,imu_link,-0.06298828125,0.39892578125,-0.03271484375,3.9794921875,[0. 0. 0. 0. 0. 0. 0. 0. 0.],0.0,0.0,0.0,[0. 0. 0. 0. 0. 0. 0. 0. 0.],0.0,0.0,0.0,[0. 0. 0. 0. 0. 0. 0. 0. 0.]
1742662966470479898,1742662966,464126577,imu_link,-0.06298828125,0.39892578125,-0.03271484375,3.9794921875,[0. 0. 0. 0. 0. 0. 0. 0. 0.],0.0,0.0,0.0,[0. 0. 0. 0. 0. 0. 0. 0. 0.],0.0,0.0,0.0,[0. 0. 0. 0. 0. 0. 0. 0. 0.]
1742662966489198249,1742662966,475331761,imu_link,-0.06298828125,0.39892578125,-0.03271484375,3.9794921875,[0. 0. 0. 0. 0. 0. 0. 0. 0.],0.0,0.0,0.0,[0. 0. 0. 0. 0. 0. 0. 0. 0.],0.0,0.0,0.0,[0. 0. 0. 0. 0. 0. 0. 0. 0.]
1742662966513004409,1742662966,495481459,imu_link,-0.0634765625,0.39892578125,-0.03271484375,3.9794921875,[0. 0. 0. 0. 0. 0. 0. 0. 0.],0.0,0.0,0.0,[0. 0. 0. 0. 0. 0. 0. 0. 0.],0.0,0.0,0.0,[0. 0. 0. 0. 0. 0. 0. 0. 0.]
1742662966520869208,1742662966,515297079,imu_link,-0.0634765625,0.39892578125,-0.03271484375,3.9794921875,[0. 0. 0. 0. 0. 0. 0. 0. 0.],0.0,0.0,0.0,[0. 0. 0. 0. 0. 0. 0. 0. 0.],0.0,0.0,0.0,[0. 0. 0. 0. 0. 0. 0. 0. 0.]
1742662966554772801,1742662966,535411814,imu_link,-0.06298828125,0.399658203125,-0.041748046875,3.979248046875,[0. 0. 0. 0. 0. 0. 0. 0. 0.],0.0,0.0,0.0,[0. 0. 0. 0. 0. 0. 0. 0. 0.],0.0,0.0,0.0,[0. 0. 0. 0. 0. 0. 0. 0. 0.]
1742662966560941028,1742662966,555375566,imu_link,-0.06298828125,0.399658203125,-0.041748046875,3.979248046875,[0. 0. 0. 0. 0. 0. 0. 0. 0.],0.0,0.0,0.0,[0. 0. 0. 0. 0. 0. 0. 0. 0.],0.0,0.0,0.0,[0. 0. 0. 0. 0. 0. 0. 0. 0.]
1742662966589588902,1742662966,575327317,imu_link,-0.06298828125,0.399658203125,-0.041748046875,3.979248046875,[0. 0. 0. 0. 0. 0. 0. 0. 0.],0.0,0.0,0.0,[0. 0. 0. 0. 0. 0. 0. 0. 0.],0.0,0.0,0.0,[0. 0. 0. 0. 0. 0. 0. 0. 0.]
1742662966610679813,1742662966,595304236,imu_link,-0.06201171875,0.399658203125,-0.052978515625,3.979248046875,[0. 0. 0. 0. 0. 0. 0. 0. 0.],0.0,0.0,0.0,[0. 0. 0. 0. 0. 0. 0. 0. 0.],0.0,0.0,0.0,[0. 0. 0. 0. 0. 0. 0. 0. 0.]
1742662966620488798,1742662966,615298136,imu_link,-0.06201171875,0.399658203125,-0.052978515625,3.979248046875,[0. 0. 0. 0. 0. 0. 0. 0. 0.],0.0,0.0,0.0,[0. 0. 0. 0. 0. 0. 0. 0. 0.],0.0,0.0,0.0,[0. 0. 0. 0. 0. 0. 0. 0. 0.]
1742662966658377189,1742662966,635404630,imu_link,-0.06103515625,0.400146484375,-0.065673828125,3.97900390625,[0. 0. 0. 0. 0. 0. 0. 0. 0.],0.0,0.0,0.0,[0. 0. 0. 0. 0. 0. 0. 0. 0.],0.0,0.0,0.0,[0. 0. 0. 0. 0. 0. 0. 0. 0.]
1742662966662008428,1742662966,658771081,imu_link,-0.06103515625,0.400146484375,-0.065673828125,3.97900390625,[0. 0. 0. 0. 0. 0. 0. 0. 0.],0.0,0.0,0.0,[0. 0. 0. 0. 0. 0. 0. 0. 0.],0.0,0.0,0.0,[0. 0. 0. 0. 0. 0. 0. 0. 0.]
1742662966688710968,1742662966,675343096,imu_link,-0.06103515625,0.400146484375,-0.065673828125,3.97900390625,[0. 0. 0. 0. 0. 0. 0. 0. 0.],0.0,0.0,0.0,[0. 0. 0. 0. 0. 0. 0. 0. 0.],0.0,0.0,0.0,[0. 0. 0. 0. 0. 0. 0. 0. 0.]
1742662966711142226,1742662966,695311811,imu_link,-0.06103515625,0.400146484375,-0.066162109375,3.97900390625,[0. 0. 0. 0. 0. 0. 0. 0. 0.],0.0,0.0,0.0,[0. 0. 0. 0. 0. 0. 0. 0. 0.],0.0,0.0,0.0,[0. 0. 0. 0. 0. 0. 0. 0. 0.]
1742662966720362650,1742662966,715307989,imu_link,-0.06103515625,0.400146484375,-0.066162109375,3.97900390625,[0. 0. 0. 0. 0. 0. 0. 0. 0.],0.0,0.0,0.0,[0. 0. 0. 0. 0. 0. 0. 0. 0.],0.0,0.0,0.0,[0. 0. 0. 0. 0. 0. 0. 0. 0.]
1742662966762192060,1742662966,735399168,imu_link,-0.061767578125,0.400146484375,-0.06396484375,3.97900390625,[0. 0. 0. 0. 0. 0. 0. 0. 0.],0.0,0.0,0.0,[0. 0. 0. 0. 0. 0. 0. 0. 0.],0.0,0.0,0.0,[0. 0. 0. 0. 0. 0. 0. 0. 0.]
1742662966767731633,1742662966,762585490,imu_link,-0.061767578125,0.400146484375,-0.06396484375,3.97900390625,[0. 0. 0. 0. 0. 0. 0. 0. 0.],0.0,0.0,0.0,[0. 0. 0. 0. 0. 0. 0. 0. 0.],0.0,0.0,0.0,[0. 0. 0. 0. 0. 0. 0. 0. 0.]
1742662966784245425,1742662966,775288504,imu_link,-0.061767578125,0.400146484375,-0.06396484375,3.97900390625,[0. 0. 0. 0. 0. 0. 0. 0. 0.],0.0,0.0,0.0,[0. 0. 0. 0. 0. 0. 0. 0. 0.],0.0,0.0,0.0,[0. 0. 0. 0. 0. 0. 0. 0. 0.]
1742662966811522452,1742662966,795350942,imu_link,-0.062255859375,0.400634765625,-0.064453125,3.978759765625,[0. 0. 0. 0. 0. 0. 0. 0. 0.],0.0,0.0,0.0,[0. 0. 0. 0. 0. 0. 0. 0. 0.],0.0,0.0,0.0,[0. 0. 0. 0. 0. 0. 0. 0. 0.]
1742662966820659672,1742662966,815462213,imu_link,-0.062255859375,0.400634765625,-0.064453125,3.978759765625,[0. 0. 0. 0. 0. 0. 0. 0. 0.],0.0,0.0,0.0,[0. 0. 0. 0. 0. 0. 0. 0. 0.],0.0,0.0,0.0,[0. 0. 0. 0. 0. 0. 0. 0. 0.]
1742662966861353720,1742662966,835402187,imu_link,-0.06201171875,0.40087890625,-0.068359375,3.978759765625,[0. 0. 0. 0. 0. 0. 0. 0. 0.],0.0,0.0,0.0,[0. 0. 0. 0. 0. 0. 0. 0. 0.],0.0,0.0,0.0,[0. 0. 0. 0. 0. 0. 0. 0. 0.]
1742662966866734384,1742662966,861779631,imu_link,-0.06201171875,0.40087890625,-0.068359375,3.978759765625,[0. 0. 0. 0. 0. 0. 0. 0. 0.],0.0,0.0,0.0,[0. 0. 0. 0. 0. 0. 0. 0. 0.],0.0,0.0,0.0,[0. 0. 0. 0. 0. 0. 0. 0. 0.]
1742662966884198648,1742662966,875328653,imu_link,-0.06201171875,0.40087890625,-0.068359375,3.978759765625,[0. 0. 0. 0. 0. 0. 0. 0. 0.],0.0,0.0,0.0,[0. 0. 0. 0. 0. 0. 0. 0. 0.],0.0,0.0,0.0,[0. 0. 0. 0. 0. 0. 0. 0. 0.]
1742662966911073893,1742662966,895386924,imu_link,-0.06201171875,0.400634765625,-0.06982421875,3.978759765625,[0. 0. 0. 0. 0. 0. 0. 0. 0.],0.0,0.0,0.0,[0. 0. 0. 0. 0. 0. 0. 0. 0.],0.0,0.0,0.0,[0. 0. 0. 0. 0. 0. 0. 0. 0.]
1742662966927968596,1742662966,915333824,imu_link,-0.06201171875,0.400634765625,-0.06982421875,3.978759765625,[0. 0. 0. 0. 0. 0. 0. 0. 0.],0.0,0.0,0.0,[0. 0. 0. 0. 0. 0. 0. 0. 0.],0.0,0.0,0.0,[0. 0. 0. 0. 0. 0. 0. 0. 0.]
1742662966940808556,1742662966,935509207,imu_link,-0.06201171875,0.400634765625,-0.06982421875,3.978759765625,[0. 0. 0. 0. 0. 0. 0. 0. 0.],0.0,0.0,0.0,[0. 0. 0. 0. 0. 0. 0. 0. 0.],0.0,0.0,0.0,[0. 0. 0. 0. 0. 0. 0. 0. 0.]
1742662966971021871,1742662966,955360199,imu_link,-0.062255859375,0.400390625,-0.06591796875,3.978759765625,[0. 0. 0. 0. 0. 0. 0. 0. 0.],0.0,0.0,0.0,[0. 0. 0. 0. 0. 0. 0. 0. 0.],0.0,0.0,0.0,[0. 0. 0. 0. 0. 0. 0. 0. 0.]
1742662966989370422,1742662966,975310210,imu_link,-0.062255859375,0.400390625,-0.06591796875,3.978759765625,[0. 0. 0. 0. 0. 0. 0. 0. 0.],0.0,0.0,0.0,[0. 0. 0. 0. 0. 0. 0. 0. 0.],0.0,0.0,0.0,[0. 0. 0. 0. 0. 0. 0. 0. 0.]
1742662967010368961,1742662966,995437167,imu_link,-0.062744140625,0.400390625,-0.0576171875,3.97900390625,[0. 0. 0. 0. 0. 0. 0. 0. 0.],0.0,0.0,0.0,[0. 0. 0. 0. 0. 0. 0. 0. 0.],0.0,0.0,0.0,[0. 0. 0. 0. 0. 0. 0. 0. 0.]
1742662967027708835,1742662967,15303306,imu_link,-0.062744140625,0.400390625,-0.0576171875,3.97900390625,[0. 0. 0. 0. 0. 0. 0. 0. 0.],0.0,0.0,0.0,[0. 0. 0. 0. 0. 0. 0. 0. 0.],0.0,0.0,0.0,[0. 0. 0. 0. 0. 0. 0. 0. 0.]
1742662967040658722,1742662967,35394855,imu_link,-0.062744140625,0.400390625,-0.0576171875,3.97900390625,[0. 0. 0. 0. 0. 0. 0. 0. 0.],0.0,0.0,0.0,[0. 0. 0. 0. 0. 0. 0. 0. 0.],0.0,0.0,0.0,[0. 0. 0. 0. 0. 0. 0. 0. 0.]
1742662967073924733,1742662967,55535516,imu_link,-0.06298828125,0.39990234375,-0.054443359375,3.97900390625,[0. 0. 0. 0. 0. 0. 0. 0. 0.],0.0,0.0,0.0,[0. 0. 0. 0. 0. 0. 0. 0. 0.],0.0,0.0,0.0,[0. 0. 0. 0. 0. 0. 0. 0. 0.]
1742662967090013706,1742662967,75406692,imu_link,-0.06298828125,0.39990234375,-0.054443359375,3.97900390625,[0. 0. 0. 0. 0. 0. 0. 0. 0.],0.0,0.0,0.0,[0. 0. 0. 0. 0. 0. 0. 0. 0.],0.0,0.0,0.0,[0. 0. 0. 0. 0. 0. 0. 0. 0.]
1742662967117885572,1742662967,98026507,imu_link,-0.063232421875,0.399658203125,-0.052978515625,3.979248046875,[0. 0. 0. 0. 0. 0. 0. 0. 0.],0.0,0.0,0.0,[0. 0. 0. 0. 0. 0. 0. 0. 0.],0.0,0.0,0.0,[0. 0. 0. 0. 0. 0. 0. 0. 0.]
1742662967130902959,1742662967,118411059,imu_link,-0.063232421875,0.399658203125,-0.052978515625,3.979248046875,[0. 0. 0. 0. 0. 0. 0. 0. 0.],0.0,0.0,0.0,[0. 0. 0. 0. 0. 0. 0. 0. 0.],0.0,0.0,0.0,[0. 0. 0. 0. 0. 0. 0. 0. 0.]
1742662967159895299,1742662967,135459763,imu_link,-0.0634765625,0.399658203125,-0.051025390625,3.979248046875,[0. 0. 0. 0. 0. 0. 0. 0. 0.],0.0,0.0,0.0,[0. 0. 0. 0. 0. 0. 0. 0. 0.],0.0,0.0,0.0,[0. 0. 0. 0. 0. 0. 0. 0. 0.]
1742662967164712420,1742662967,160048967,imu_link,-0.0634765625,0.399658203125,-0.051025390625,3.979248046875,[0. 0. 0. 0. 0. 0. 0. 0. 0.],0.0,0.0,0.0,[0. 0. 0. 0. 0. 0. 0. 0. 0.],0.0,0.0,0.0,[0. 0. 0. 0. 0. 0. 0. 0. 0.]
1742662967190405210,1742662967,175576379,imu_link,-0.0634765625,0.399658203125,-0.051025390625,3.979248046875,[0. 0. 0. 0. 0. 0. 0. 0. 0.],0.0,0.0,0.0,[0. 0. 0. 0. 0. 0. 0. 0. 0.],0.0,0.0,0.0,[0. 0. 0. 0. 0. 0. 0. 0. 0.]
1742662967213507566,1742662967,195314424,imu_link,-0.063720703125,0.399658203125,-0.049072265625,3.979248046875,[0. 0. 0. 0. 0. 0. 0. 0. 0.],0.0,0.0,0.0,[0. 0. 0. 0. 0. 0. 0. 0. 0.],0.0,0.0,0.0,[0. 0. 0. 0. 0. 0. 0. 0. 0.]
1742662967219890425,1742662967,215297158,imu_link,-0.063720703125,0.399658203125,-0.049072265625,3.979248046875,[0. 0. 0. 0. 0. 0. 0. 0. 0.],0.0,0.0,0.0,[0. 0. 0. 0. 0. 0. 0. 0. 0.],0.0,0.0,0.0,[0. 0. 0. 0. 0. 0. 0. 0. 0.]
1742662967258049577,1742662967,235391373,imu_link,-0.064453125,0.39990234375,-0.043212890625,3.979248046875,[0. 0. 0. 0. 0. 0. 0. 0. 0.],0.0,0.0,0.0,[0. 0. 0. 0. 0. 0. 0. 0. 0.],0.0,0.0,0.0,[0. 0. 0. 0. 0. 0. 0. 0. 0.]
1742662967261573408,1742662967,258461378,imu_link,-0.064453125,0.39990234375,-0.043212890625,3.979248046875,[0. 0. 0. 0. 0. 0. 0. 0. 0.],0.0,0.0,0.0,[0. 0. 0. 0. 0. 0. 0. 0. 0.],0.0,0.0,0.0,[0. 0. 0. 0. 0. 0. 0. 0. 0.]
1742662967289114493,1742662967,275411099,imu_link,-0.064453125,0.39990234375,-0.043212890625,3.979248046875,[0. 0. 0. 0. 0. 0. 0. 0. 0.],0.0,0.0,0.0,[0. 0. 0. 0. 0. 0. 0. 0. 0.],0.0,0.0,0.0,[0. 0. 0. 0. 0. 0. 0. 0. 0.]
1742662967310467943,1742662967,295311906,imu_link,-0.065185546875,0.400146484375,-0.037841796875,3.979248046875,[0. 0. 0. 0. 0. 0. 0. 0. 0.],0.0,0.0,0.0,[0. 0. 0. 0. 0. 0. 0. 0. 0.],0.0,0.0,0.0,[0. 0. 0. 0. 0. 0. 0. 0. 0.]
1742662967320617876,1742662967,315470881,imu_link,-0.065185546875,0.400146484375,-0.037841796875,3.979248046875,[0. 0. 0. 0. 0. 0. 0. 0. 0.],0.0,0.0,0.0,[0. 0. 0. 0. 0. 0. 0. 0. 0.],0.0,0.0,0.0,[0. 0. 0. 0. 0. 0. 0. 0. 0.]
1742662967361347017,1742662967,335392614,imu_link,-0.0654296875,0.39990234375,-0.03466796875,3.979248046875,[0. 0. 0. 0. 0. 0. 0. 0. 0.],0.0,0.0,0.0,[0. 0. 0. 0. 0. 0. 0. 0. 0.],0.0,0.0,0.0,[0. 0. 0. 0. 0. 0. 0. 0. 0.]
1742662967367643079,1742662967,361805521,imu_link,-0.0654296875,0.39990234375,-0.03466796875,3.979248046875,[0. 0. 0. 0. 0. 0. 0. 0. 0.],0.0,0.0,0.0,[0. 0. 0. 0. 0. 0. 0. 0. 0.],0.0,0.0,0.0,[0. 0. 0. 0. 0. 0. 0. 0. 0.]
1742662967383699236,1742662967,375450618,imu_link,-0.0654296875,0.39990234375,-0.03466796875,3.979248046875,[0. 0. 0. 0. 0. 0. 0. 0. 0.],0.0,0.0,0.0,[0. 0. 0. 0. 0. 0. 0. 0. 0.],0.0,0.0,0.0,[0. 0. 0. 0. 0. 0. 0. 0. 0.]
1742662967410519018,1742662967,395385184,imu_link,-0.0654296875,0.400390625,-0.037353515625,3.979248046875,[0. 0. 0. 0. 0. 0. 0. 0. 0.],0.0,0.0,0.0,[0. 0. 0. 0. 0. 0. 0. 0. 0.],0.0,0.0,0.0,[0. 0. 0. 0. 0. 0. 0. 0. 0.]
1742662967419845943,1742662967,415300306,imu_link,-0.0654296875,0.400390625,-0.037353515625,3.979248046875,[0. 0. 0. 0. 0. 0. 0. 0. 0.],0.0,0.0,0.0,[0. 0. 0. 0. 0. 0. 0. 0. 0.],0.0,0.0,0.0,[0. 0. 0. 0. 0. 0. 0. 0. 0.]
1742662967461576500,1742662967,435394355,imu_link,-0.0654296875,0.400146484375,-0.034423828125,3.979248046875,[0. 0. 0. 0. 0. 0. 0. 0. 0.],0.0,0.0,0.0,[0. 0. 0. 0. 0. 0. 0. 0. 0.],0.0,0.0,0.0,[0. 0. 0. 0. 0. 0. 0. 0. 0.]
1742662967468033971,1742662967,462448491,imu_link,-0.0654296875,0.400146484375,-0.034423828125,3.979248046875,[0. 0. 0. 0. 0. 0. 0. 0. 0.],0.0,0.0,0.0,[0. 0. 0. 0. 0. 0. 0. 0. 0.],0.0,0.0,0.0,[0. 0. 0. 0. 0. 0. 0. 0. 0.]
1742662967489171586,1742662967,475392469,imu_link,-0.0654296875,0.400146484375,-0.034423828125,3.979248046875,[0. 0. 0. 0. 0. 0. 0. 0. 0.],0.0,0.0,0.0,[0. 0. 0. 0. 0. 0. 0. 0. 0.],0.0,0.0,0.0,[0. 0. 0. 0. 0. 0. 0. 0. 0.]
1742662967509880123,1742662967,495469166,imu_link,-0.0654296875,0.400390625,-0.03125,3.979248046875,[0. 0. 0. 0. 0. 0. 0. 0. 0.],0.0,0.0,0.0,[0. 0. 0. 0. 0. 0. 0. 0. 0.],0.0,0.0,0.0,[0. 0. 0. 0. 0. 0. 0. 0. 0.]
1742662967528987440,1742662967,515324009,imu_link,-0.0654296875,0.400390625,-0.03125,3.979248046875,[0. 0. 0. 0. 0. 0. 0. 0. 0.],0.0,0.0,0.0,[0. 0. 0. 0. 0. 0. 0. 0. 0.],0.0,0.0,0.0,[0. 0. 0. 0. 0. 0. 0. 0. 0.]
1742662967540207272,1742662967,535322002,imu_link,-0.0654296875,0.400390625,-0.03125,3.979248046875,[0. 0. 0. 0. 0. 0. 0. 0. 0.],0.0,0.0,0.0,[0. 0. 0. 0. 0. 0. 0. 0. 0.],0.0,0.0,0.0,[0. 0. 0. 0. 0. 0. 0. 0. 0.]
1742662967569993787,1742662967,555371180,imu_link,-0.0654296875,0.400390625,-0.02978515625,3.979248046875,[0. 0. 0. 0. 0. 0. 0. 0. 0.],0.0,0.0,0.0,[0. 0. 0. 0. 0. 0. 0. 0. 0.],0.0,0.0,0.0,[0. 0. 0. 0. 0. 0. 0. 0. 0.]
1742662967588297226,1742662967,575377321,imu_link,-0.0654296875,0.400390625,-0.02978515625,3.979248046875,[0. 0. 0. 0. 0. 0. 0. 0. 0.],0.0,0.0,0.0,[0. 0. 0. 0. 0. 0. 0. 0. 0.],0.0,0.0,0.0,[0. 0. 0. 0. 0. 0. 0. 0. 0.]
1742662967609660843,1742662967,595353850,imu_link,-0.0654296875,0.39990234375,-0.027099609375,3.979248046875,[0. 0. 0. 0. 0. 0. 0. 0. 0.],0.0,0.0,0.0,[0. 0. 0. 0. 0. 0. 0. 0. 0.],0.0,0.0,0.0,[0. 0. 0. 0. 0. 0. 0. 0. 0.]
1742662967628952513,1742662967,615305861,imu_link,-0.0654296875,0.39990234375,-0.027099609375,3.979248046875,[0. 0. 0. 0. 0. 0. 0. 0. 0.],0.0,0.0,0.0,[0. 0. 0. 0. 0. 0. 0. 0. 0.],0.0,0.0,0.0,[0. 0. 0. 0. 0. 0. 0. 0. 0.]
1742662967640389403,1742662967,635357743,imu_link,-0.0654296875,0.39990234375,-0.027099609375,3.979248046875,[0. 0. 0. 0. 0. 0. 0. 0. 0.],0.0,0.0,0.0,[0. 0. 0. 0. 0. 0. 0. 0. 0.],0.0,0.0,0.0,[0. 0. 0. 0. 0. 0. 0. 0. 0.]
1742662967669747284,1742662967,655374199,imu_link,-0.06640625,0.399658203125,-0.0205078125,3.9794921875,[0. 0. 0. 0. 0. 0. 0. 0. 0.],0.0,0.0,0.0,[0. 0. 0. 0. 0. 0. 0. 0. 0.],0.0,0.0,0.0,[0. 0. 0. 0. 0. 0. 0. 0. 0.]
1742662967688459672,1742662967,675580841,imu_link,-0.06640625,0.399658203125,-0.0205078125,3.9794921875,[0. 0. 0. 0. 0. 0. 0. 0. 0.],0.0,0.0,0.0,[0. 0. 0. 0. 0. 0. 0. 0. 0.],0.0,0.0,0.0,[0. 0. 0. 0. 0. 0. 0. 0. 0.]
1742662967711414878,1742662967,695342184,imu_link,-0.06689453125,0.3994140625,-0.018798828125,3.9794921875,[0. 0. 0. 0. 0. 0. 0. 0. 0.],0.0,0.0,0.0,[0. 0. 0. 0. 0. 0. 0. 0. 0.],0.0,0.0,0.0,[0. 0. 0. 0. 0. 0. 0. 0. 0.]
1742662967719883684,1742662967,715334083,imu_link,-0.06689453125,0.3994140625,-0.018798828125,3.9794921875,[0. 0. 0. 0. 0. 0. 0. 0. 0.],0.0,0.0,0.0,[0. 0. 0. 0. 0. 0. 0. 0. 0.],0.0,0.0,0.0,[0. 0. 0. 0. 0. 0. 0. 0. 0.]
1742662967757116642,1742662967,735385558,imu_link,-0.06787109375,0.399169921875,-0.012939453125,3.9794921875,[0. 0. 0. 0. 0. 0. 0. 0. 0.],0.0,0.0,0.0,[0. 0. 0. 0. 0. 0. 0. 0. 0.],0.0,0.0,0.0,[0. 0. 0. 0. 0. 0. 0. 0. 0.]
1742662967760498916,1742662967,757531535,imu_link,-0.06787109375,0.399169921875,-0.012939453125,3.9794921875,[0. 0. 0. 0. 0. 0. 0. 0. 0.],0.0,0.0,0.0,[0. 0. 0. 0. 0. 0. 0. 0. 0.],0.0,0.0,0.0,[0. 0. 0. 0. 0. 0. 0. 0. 0.]
1742662967788351004,1742662967,775477840,imu_link,-0.06787109375,0.399169921875,-0.012939453125,3.9794921875,[0. 0. 0. 0. 0. 0. 0. 0. 0.],0.0,0.0,0.0,[0. 0. 0. 0. 0. 0. 0. 0. 0.],0.0,0.0,0.0,[0. 0. 0. 0. 0. 0. 0. 0. 0.]
1742662967812364110,1742662967,795347758,imu_link,-0.068359375,0.398681640625,-0.009521484375,3.9794921875,[0. 0. 0. 0. 0. 0. 0. 0. 0.],0.0,0.0,0.0,[0. 0. 0. 0. 0. 0. 0. 0. 0.],0.0,0.0,0.0,[0. 0. 0. 0. 0. 0. 0. 0. 0.]
1742662967819488124,1742662967,815451288,imu_link,-0.068359375,0.398681640625,-0.009521484375,3.9794921875,[0. 0. 0. 0. 0. 0. 0. 0. 0.],0.0,0.0,0.0,[0. 0. 0. 0. 0. 0. 0. 0. 0.],0.0,0.0,0.0,[0. 0. 0. 0. 0. 0. 0. 0. 0.]
1742662967857214161,1742662967,835391799,imu_link,-0.06884765625,0.39794921875,-0.00537109375,3.9794921875,[0. 0. 0. 0. 0. 0. 0. 0. 0.],0.0,0.0,0.0,[0. 0. 0. 0. 0. 0. 0. 0. 0.],0.0,0.0,0.0,[0. 0. 0. 0. 0. 0. 0. 0. 0.]
1742662967860701269,1742662967,857645536,imu_link,-0.06884765625,0.39794921875,-0.00537109375,3.9794921875,[0. 0. 0. 0. 0. 0. 0. 0. 0.],0.0,0.0,0.0,[0. 0. 0. 0. 0. 0. 0. 0. 0.],0.0,0.0,0.0,[0. 0. 0. 0. 0. 0. 0. 0. 0.]
1742662967888318392,1742662967,875402488,imu_link,-0.06884765625,0.39794921875,-0.00537109375,3.9794921875,[0. 0. 0. 0. 0. 0. 0. 0. 0.],0.0,0.0,0.0,[0. 0. 0. 0. 0. 0. 0. 0. 0.],0.0,0.0,0.0,[0. 0. 0. 0. 0. 0. 0. 0. 0.]
1742662967909869678,1742662967,895389684,imu_link,-0.068115234375,0.39794921875,-0.0107421875,3.9794921875,[0. 0. 0. 0. 0. 0. 0. 0. 0.],0.0,0.0,0.0,[0. 0. 0. 0. 0. 0. 0. 0. 0.],0.0,0.0,0.0,[0. 0. 0. 0. 0. 0. 0. 0. 0.]
1742662967919177769,1742662967,915308101,imu_link,-0.068115234375,0.39794921875,-0.0107421875,3.9794921875,[0. 0. 0. 0. 0. 0. 0. 0. 0.],0.0,0.0,0.0,[0. 0. 0. 0. 0. 0. 0. 0. 0.],0.0,0.0,0.0,[0. 0. 0. 0. 0. 0. 0. 0. 0.]
1742662967957599572,1742662967,935389780,imu_link,-0.067626953125,0.39794921875,-0.009521484375,3.9794921875,[0. 0. 0. 0. 0. 0. 0. 0. 0.],0.0,0.0,0.0,[0. 0. 0. 0. 0. 0. 0. 0. 0.],0.0,0.0,0.0,[0. 0. 0. 0. 0. 0. 0. 0. 0.]
1742662967965639521,1742662967,958031391,imu_link,-0.067626953125,0.39794921875,-0.009521484375,3.9794921875,[0. 0. 0. 0. 0. 0. 0. 0. 0.],0.0,0.0,0.0,[0. 0. 0. 0. 0. 0. 0. 0. 0.],0.0,0.0,0.0,[0. 0. 0. 0. 0. 0. 0. 0. 0.]
1742662967983426881,1742662967,975405506,imu_link,-0.067626953125,0.39794921875,-0.009521484375,3.9794921875,[0. 0. 0. 0. 0. 0. 0. 0. 0.],0.0,0.0,0.0,[0. 0. 0. 0. 0. 0. 0. 0. 0.],0.0,0.0,0.0,[0. 0. 0. 0. 0. 0. 0. 0. 0.]
1742662968009420192,1742662967,995534204,imu_link,-0.066650390625,0.398193359375,-0.01904296875,3.9794921875,[0. 0. 0. 0. 0. 0. 0. 0. 0.],0.0,0.0,0.0,[0. 0. 0. 0. 0. 0. 0. 0. 0.],0.0,0.0,0.0,[0. 0. 0. 0. 0. 0. 0. 0. 0.]
1742662968019237862,1742662968,15317175,imu_link,-0.066650390625,0.398193359375,-0.01904296875,3.9794921875,[0. 0. 0. 0. 0. 0. 0. 0. 0.],0.0,0.0,0.0,[0. 0. 0. 0. 0. 0. 0. 0. 0.],0.0,0.0,0.0,[0. 0. 0. 0. 0. 0. 0. 0. 0.]
1742662968059354922,1742662968,35399298,imu_link,-0.06591796875,0.3984375,-0.02294921875,3.9794921875,[0. 0. 0. 0. 0. 0. 0. 0. 0.],0.0,0.0,0.0,[0. 0. 0. 0. 0. 0. 0. 0. 0.],0.0,0.0,0.0,[0. 0. 0. 0. 0. 0. 0. 0. 0.]
1742662968064934495,1742662968,59743407,imu_link,-0.06591796875,0.3984375,-0.02294921875,3.9794921875,[0. 0. 0. 0. 0. 0. 0. 0. 0.],0.0,0.0,0.0,[0. 0. 0. 0. 0. 0. 0. 0. 0.],0.0,0.0,0.0,[0. 0. 0. 0. 0. 0. 0. 0. 0.]
1742662968083451325,1742662968,75396246,imu_link,-0.06591796875,0.3984375,-0.02294921875,3.9794921875,[0. 0. 0. 0. 0. 0. 0. 0. 0.],0.0,0.0,0.0,[0. 0. 0. 0. 0. 0. 0. 0. 0.],0.0,0.0,0.0,[0. 0. 0. 0. 0. 0. 0. 0. 0.]
1742662968109310393,1742662968,95354812,imu_link,-0.06591796875,0.398193359375,-0.025146484375,3.9794921875,[0. 0. 0. 0. 0. 0. 0. 0. 0.],0.0,0.0,0.0,[0. 0. 0. 0. 0. 0. 0. 0. 0.],0.0,0.0,0.0,[0. 0. 0. 0. 0. 0. 0. 0. 0.]
1742662968127939502,1742662968,115328008,imu_link,-0.06591796875,0.398193359375,-0.025146484375,3.9794921875,[0. 0. 0. 0. 0. 0. 0. 0. 0.],0.0,0.0,0.0,[0. 0. 0. 0. 0. 0. 0. 0. 0.],0.0,0.0,0.0,[0. 0. 0. 0. 0. 0. 0. 0. 0.]
1742662968139863285,1742662968,135332871,imu_link,-0.06591796875,0.398193359375,-0.025146484375,3.9794921875,[0. 0. 0. 0. 0. 0. 0. 0. 0.],0.0,0.0,0.0,[0. 0. 0. 0. 0. 0. 0. 0. 0.],0.0,0.0,0.0,[0. 0. 0. 0. 0. 0. 0. 0. 0.]
1742662968169275889,1742662968,155374419,imu_link,-0.065673828125,0.398193359375,-0.02783203125,3.9794921875,[0. 0. 0. 0. 0. 0. 0. 0. 0.],0.0,0.0,0.0,[0. 0. 0. 0. 0. 0. 0. 0. 0.],0.0,0.0,0.0,[0. 0. 0. 0. 0. 0. 0. 0. 0.]
1742662968187719588,1742662968,175649710,imu_link,-0.065673828125,0.398193359375,-0.02783203125,3.9794921875,[0. 0. 0. 0. 0. 0. 0. 0. 0.],0.0,0.0,0.0,[0. 0. 0. 0. 0. 0. 0. 0. 0.],0.0,0.0,0.0,[0. 0. 0. 0. 0. 0. 0. 0. 0.]
1742662968209209984,1742662968,195363385,imu_link,-0.066162109375,0.398193359375,-0.028564453125,3.9794921875,[0. 0. 0. 0. 0. 0. 0. 0. 0.],0.0,0.0,0.0,[0. 0. 0. 0. 0. 0. 0. 0. 0.],0.0,0.0,0.0,[0. 0. 0. 0. 0. 0. 0. 0. 0.]
1742662968227481033,1742662968,215408267,imu_link,-0.066162109375,0.398193359375,-0.028564453125,3.9794921875,[0. 0. 0. 0. 0. 0. 0. 0. 0.],0.0,0.0,0.0,[0. 0. 0. 0. 0. 0. 0. 0. 0.],0.0,0.0,0.0,[0. 0. 0. 0. 0. 0. 0. 0. 0.]
1742662968239258704,1742662968,235322758,imu_link,-0.066162109375,0.398193359375,-0.028564453125,3.9794921875,[0. 0. 0. 0. 0. 0. 0. 0. 0.],0.0,0.0,0.0,[0. 0. 0. 0. 0. 0. 0. 0. 0.],0.0,0.0,0.0,[0. 0. 0. 0. 0. 0. 0. 0. 0.]
1742662968269224609,1742662968,255383548,imu_link,-0.06591796875,0.398193359375,-0.031005859375,3.9794921875,[0. 0. 0. 0. 0. 0. 0. 0. 0.],0.0,0.0,0.0,[0. 0. 0. 0. 0. 0. 0. 0. 0.],0.0,0.0,0.0,[0. 0. 0. 0. 0. 0. 0. 0. 0.]
1742662968287129507,1742662968,275330058,imu_link,-0.06591796875,0.398193359375,-0.031005859375,3.9794921875,[0. 0. 0. 0. 0. 0. 0. 0. 0.],0.0,0.0,0.0,[0. 0. 0. 0. 0. 0. 0. 0. 0.],0.0,0.0,0.0,[0. 0. 0. 0. 0. 0. 0. 0. 0.]
1742662968312367940,1742662968,295313624,imu_link,-0.065185546875,0.3984375,-0.03271484375,3.9794921875,[0. 0. 0. 0. 0. 0. 0. 0. 0.],0.0,0.0,0.0,[0. 0. 0. 0. 0. 0. 0. 0. 0.],0.0,0.0,0.0,[0. 0. 0. 0. 0. 0. 0. 0. 0.]
1742662968322920321,1742662968,315508267,imu_link,-0.065185546875,0.3984375,-0.03271484375,3.9794921875,[0. 0. 0. 0. 0. 0. 0. 0. 0.],0.0,0.0,0.0,[0. 0. 0. 0. 0. 0. 0. 0. 0.],0.0,0.0,0.0,[0. 0. 0. 0. 0. 0. 0. 0. 0.]
1742662968352653686,1742662968,335326591,imu_link,-0.065185546875,0.3984375,-0.03173828125,3.9794921875,[0. 0. 0. 0. 0. 0. 0. 0. 0.],0.0,0.0,0.0,[0. 0. 0. 0. 0. 0. 0. 0. 0.],0.0,0.0,0.0,[0. 0. 0. 0. 0. 0. 0. 0. 0.]
1742662968358683875,1742662968,355317694,imu_link,-0.065185546875,0.3984375,-0.03173828125,3.9794921875,[0. 0. 0. 0. 0. 0. 0. 0. 0.],0.0,0.0,0.0,[0. 0. 0. 0. 0. 0. 0. 0. 0.],0.0,0.0,0.0,[0. 0. 0. 0. 0. 0. 0. 0. 0.]
1742662968387896495,1742662968,375386613,imu_link,-0.065185546875,0.3984375,-0.03173828125,3.9794921875,[0. 0. 0. 0. 0. 0. 0. 0. 0.],0.0,0.0,0.0,[0. 0. 0. 0. 0. 0. 0. 0. 0.],0.0,0.0,0.0,[0. 0. 0. 0. 0. 0. 0. 0. 0.]
1742662968412479606,1742662968,395346698,imu_link,-0.0654296875,0.3984375,-0.029296875,3.9794921875,[0. 0. 0. 0. 0. 0. 0. 0. 0.],0.0,0.0,0.0,[0. 0. 0. 0. 0. 0. 0. 0. 0.],0.0,0.0,0.0,[0. 0. 0. 0. 0. 0. 0. 0. 0.]
1742662968418653352,1742662968,415337579,imu_link,-0.0654296875,0.3984375,-0.029296875,3.9794921875,[0. 0. 0. 0. 0. 0. 0. 0. 0.],0.0,0.0,0.0,[0. 0. 0. 0. 0. 0. 0. 0. 0.],0.0,0.0,0.0,[0. 0. 0. 0. 0. 0. 0. 0. 0.]
1742662968454389980,1742662968,435416239,imu_link,-0.06591796875,0.398681640625,-0.026611328125,3.9794921875,[0. 0. 0. 0. 0. 0. 0. 0. 0.],0.0,0.0,0.0,[0. 0. 0. 0. 0. 0. 0. 0. 0.],0.0,0.0,0.0,[0. 0. 0. 0. 0. 0. 0. 0. 0.]
1742662968459516327,1742662968,455287063,imu_link,-0.06591796875,0.398681640625,-0.026611328125,3.9794921875,[0. 0. 0. 0. 0. 0. 0. 0. 0.],0.0,0.0,0.0,[0. 0. 0. 0. 0. 0. 0. 0. 0.],0.0,0.0,0.0,[0. 0. 0. 0. 0. 0. 0. 0. 0.]
1742662968487826549,1742662968,475402760,imu_link,-0.06591796875,0.398681640625,-0.026611328125,3.9794921875,[0. 0. 0. 0. 0. 0. 0. 0. 0.],0.0,0.0,0.0,[0. 0. 0. 0. 0. 0. 0. 0. 0.],0.0,0.0,0.0,[0. 0. 0. 0. 0. 0. 0. 0. 0.]
1742662968510711384,1742662968,495533365,imu_link,-0.06640625,0.39892578125,-0.0224609375,3.9794921875,[0. 0. 0. 0. 0. 0. 0. 0. 0.],0.0,0.0,0.0,[0. 0. 0. 0. 0. 0. 0. 0. 0.],0.0,0.0,0.0,[0. 0. 0. 0. 0. 0. 0. 0. 0.]
1742662968518719111,1742662968,515388911,imu_link,-0.06640625,0.39892578125,-0.0224609375,3.9794921875,[0. 0. 0. 0. 0. 0. 0. 0. 0.],0.0,0.0,0.0,[0. 0. 0. 0. 0. 0. 0. 0. 0.],0.0,0.0,0.0,[0. 0. 0. 0. 0. 0. 0. 0. 0.]
1742662968555017893,1742662968,535379515,imu_link,-0.06591796875,0.3994140625,-0.03173828125,3.979248046875,[0. 0. 0. 0. 0. 0. 0. 0. 0.],0.0,0.0,0.0,[0. 0. 0. 0. 0. 0. 0. 0. 0.],0.0,0.0,0.0,[0. 0. 0. 0. 0. 0. 0. 0. 0.]
1742662968558637873,1742662968,555413341,imu_link,-0.06591796875,0.3994140625,-0.03173828125,3.979248046875,[0. 0. 0. 0. 0. 0. 0. 0. 0.],0.0,0.0,0.0,[0. 0. 0. 0. 0. 0. 0. 0. 0.],0.0,0.0,0.0,[0. 0. 0. 0. 0. 0. 0. 0. 0.]
1742662968587851955,1742662968,575394778,imu_link,-0.06591796875,0.3994140625,-0.03173828125,3.979248046875,[0. 0. 0. 0. 0. 0. 0. 0. 0.],0.0,0.0,0.0,[0. 0. 0. 0. 0. 0. 0. 0. 0.],0.0,0.0,0.0,[0. 0. 0. 0. 0. 0. 0. 0. 0.]
1742662968610666549,1742662968,595346195,imu_link,-0.06494140625,0.399169921875,-0.040771484375,3.979248046875,[0. 0. 0. 0. 0. 0. 0. 0. 0.],0.0,0.0,0.0,[0. 0. 0. 0. 0. 0. 0. 0. 0.],0.0,0.0,0.0,[0. 0. 0. 0. 0. 0. 0. 0. 0.]
1742662968618778018,1742662968,615401410,imu_link,-0.06494140625,0.399169921875,-0.040771484375,3.979248046875,[0. 0. 0. 0. 0. 0. 0. 0. 0.],0.0,0.0,0.0,[0. 0. 0. 0. 0. 0. 0. 0. 0.],0.0,0.0,0.0,[0. 0. 0. 0. 0. 0. 0. 0. 0.]
1742662968658757243,1742662968,635367810,imu_link,-0.063720703125,0.39892578125,-0.045166015625,3.979248046875,[0. 0. 0. 0. 0. 0. 0. 0. 0.],0.0,0.0,0.0,[0. 0. 0. 0. 0. 0. 0. 0. 0.],0.0,0.0,0.0,[0. 0. 0. 0. 0. 0. 0. 0. 0.]
1742662968664330224,1742662968,659151247,imu_link,-0.063720703125,0.39892578125,-0.045166015625,3.979248046875,[0. 0. 0. 0. 0. 0. 0. 0. 0.],0.0,0.0,0.0,[0. 0. 0. 0. 0. 0. 0. 0. 0.],0.0,0.0,0.0,[0. 0. 0. 0. 0. 0. 0. 0. 0.]
1742662968688272162,1742662968,675402795,imu_link,-0.063720703125,0.39892578125,-0.045166015625,3.979248046875,[0. 0. 0. 0. 0. 0. 0. 0. 0.],0.0,0.0,0.0,[0. 0. 0. 0. 0. 0. 0. 0. 0.],0.0,0.0,0.0,[0. 0. 0. 0. 0. 0. 0. 0. 0.]
1742662968708910383,1742662968,695342342,imu_link,-0.063232421875,0.39892578125,-0.044189453125,3.979248046875,[0. 0. 0. 0. 0. 0. 0. 0. 0.],0.0,0.0,0.0,[0. 0. 0. 0. 0. 0. 0. 0. 0.],0.0,0.0,0.0,[0. 0. 0. 0. 0. 0. 0. 0. 0.]
1742662968728131071,1742662968,715395354,imu_link,-0.063232421875,0.39892578125,-0.044189453125,3.979248046875,[0. 0. 0. 0. 0. 0. 0. 0. 0.],0.0,0.0,0.0,[0. 0. 0. 0. 0. 0. 0. 0. 0.],0.0,0.0,0.0,[0. 0. 0. 0. 0. 0. 0. 0. 0.]
1742662968738543359,1742662968,735341475,imu_link,-0.063232421875,0.39892578125,-0.044189453125,3.979248046875,[0. 0. 0. 0. 0. 0. 0. 0. 0.],0.0,0.0,0.0,[0. 0. 0. 0. 0. 0. 0. 0. 0.],0.0,0.0,0.0,[0. 0. 0. 0. 0. 0. 0. 0. 0.]
1742662968775187496,1742662968,755382524,imu_link,-0.06396484375,0.3984375,-0.036865234375,3.9794921875,[0. 0. 0. 0. 0. 0. 0. 0. 0.],0.0,0.0,0.0,[0. 0. 0. 0. 0. 0. 0. 0. 0.],0.0,0.0,0.0,[0. 0. 0. 0. 0. 0. 0. 0. 0.]
1742662968778709289,1742662968,775589814,imu_link,-0.06396484375,0.3984375,-0.036865234375,3.9794921875,[0. 0. 0. 0. 0. 0. 0. 0. 0.],0.0,0.0,0.0,[0. 0. 0. 0. 0. 0. 0. 0. 0.],0.0,0.0,0.0,[0. 0. 0. 0. 0. 0. 0. 0. 0.]
1742662968808665157,1742662968,795402064,imu_link,-0.06396484375,0.398681640625,-0.035888671875,3.9794921875,[0. 0. 0. 0. 0. 0. 0. 0. 0.],0.0,0.0,0.0,[0. 0. 0. 0. 0. 0. 0. 0. 0.],0.0,0.0,0.0,[0. 0. 0. 0. 0. 0. 0. 0. 0.]
1742662968827449545,1742662968,815577262,imu_link,-0.06396484375,0.398681640625,-0.035888671875,3.9794921875,[0. 0. 0. 0. 0. 0. 0. 0. 0.],0.0,0.0,0.0,[0. 0. 0. 0. 0. 0. 0. 0. 0.],0.0,0.0,0.0,[0. 0. 0. 0. 0. 0. 0. 0. 0.]
1742662968838295762,1742662968,835338233,imu_link,-0.06396484375,0.398681640625,-0.035888671875,3.9794921875,[0. 0. 0. 0. 0. 0. 0. 0. 0.],0.0,0.0,0.0,[0. 0. 0. 0. 0. 0. 0. 0. 0.],0.0,0.0,0.0,[0. 0. 0. 0. 0. 0. 0. 0. 0.]
1742662968877891688,1742662968,855408245,imu_link,-0.064697265625,0.3984375,-0.029541015625,3.9794921875,[0. 0. 0. 0. 0. 0. 0. 0. 0.],0.0,0.0,0.0,[0. 0. 0. 0. 0. 0. 0. 0. 0.],0.0,0.0,0.0,[0. 0. 0. 0. 0. 0. 0. 0. 0.]
1742662968883464039,1742662968,878292155,imu_link,-0.064697265625,0.3984375,-0.029541015625,3.9794921875,[0. 0. 0. 0. 0. 0. 0. 0. 0.],0.0,0.0,0.0,[0. 0. 0. 0. 0. 0. 0. 0. 0.],0.0,0.0,0.0,[0. 0. 0. 0. 0. 0. 0. 0. 0.]
1742662968914619196,1742662968,895380970,imu_link,-0.0654296875,0.398193359375,-0.02490234375,3.9794921875,[0. 0. 0. 0. 0. 0. 0. 0. 0.],0.0,0.0,0.0,[0. 0. 0. 0. 0. 0. 0. 0. 0.],0.0,0.0,0.0,[0. 0. 0. 0. 0. 0. 0. 0. 0.]
1742662968918136064,1742662968,915286277,imu_link,-0.0654296875,0.398193359375,-0.02490234375,3.9794921875,[0. 0. 0. 0. 0. 0. 0. 0. 0.],0.0,0.0,0.0,[0. 0. 0. 0. 0. 0. 0. 0. 0.],0.0,0.0,0.0,[0. 0. 0. 0. 0. 0. 0. 0. 0.]
1742662968954545310,1742662968,935379362,imu_link,-0.066162109375,0.398681640625,-0.015869140625,3.9794921875,[0. 0. 0. 0. 0. 0. 0. 0. 0.],0.0,0.0,0.0,[0. 0. 0. 0. 0. 0. 0. 0. 0.],0.0,0.0,0.0,[0. 0. 0. 0. 0. 0. 0. 0. 0.]
1742662968958721869,1742662968,955284224,imu_link,-0.066162109375,0.398681640625,-0.015869140625,3.9794921875,[0. 0. 0. 0. 0. 0. 0. 0. 0.],0.0,0.0,0.0,[0. 0. 0. 0. 0. 0. 0. 0. 0.],0.0,0.0,0.0,[0. 0. 0. 0. 0. 0. 0. 0. 0.]
1742662968987207593,1742662968,975400070,imu_link,-0.066162109375,0.398681640625,-0.015869140625,3.9794921875,[0. 0. 0. 0. 0. 0. 0. 0. 0.],0.0,0.0,0.0,[0. 0. 0. 0. 0. 0. 0. 0. 0.],0.0,0.0,0.0,[0. 0. 0. 0. 0. 0. 0. 0. 0.]
1742662969009630794,1742662968,995486470,imu_link,-0.06640625,0.39892578125,-0.0107421875,3.9794921875,[0. 0. 0. 0. 0. 0. 0. 0. 0.],0.0,0.0,0.0,[0. 0. 0. 0. 0. 0. 0. 0. 0.],0.0,0.0,0.0,[0. 0. 0. 0. 0. 0. 0. 0. 0.]
1742662969022714052,1742662969,15411258,imu_link,-0.06640625,0.39892578125,-0.0107421875,3.9794921875,[0. 0. 0. 0. 0. 0. 0. 0. 0.],0.0,0.0,0.0,[0. 0. 0. 0. 0. 0. 0. 0. 0.],0.0,0.0,0.0,[0. 0. 0. 0. 0. 0. 0. 0. 0.]
1742662969052772439,1742662969,35385287,imu_link,-0.06591796875,0.399658203125,-0.01220703125,3.9794921875,[0. 0. 0. 0. 0. 0. 0. 0. 0.],0.0,0.0,0.0,[0. 0. 0. 0. 0. 0. 0. 0. 0.],0.0,0.0,0.0,[0. 0. 0. 0. 0. 0. 0. 0. 0.]
1742662969058151084,1742662969,55294334,imu_link,-0.06591796875,0.399658203125,-0.01220703125,3.9794921875,[0. 0. 0. 0. 0. 0. 0. 0. 0.],0.0,0.0,0.0,[0. 0. 0. 0. 0. 0. 0. 0. 0.],0.0,0.0,0.0,[0. 0. 0. 0. 0. 0. 0. 0. 0.]
1742662969087542242,1742662969,75391049,imu_link,-0.06591796875,0.399658203125,-0.01220703125,3.9794921875,[0. 0. 0. 0. 0. 0. 0. 0. 0.],0.0,0.0,0.0,[0. 0. 0. 0. 0. 0. 0. 0. 0.],0.0,0.0,0.0,[0. 0. 0. 0. 0. 0. 0. 0. 0.]
1742662969110513504,1742662969,95335504,imu_link,-0.0654296875,0.39990234375,-0.017578125,3.9794921875,[0. 0. 0. 0. 0. 0. 0. 0. 0.],0.0,0.0,0.0,[0. 0. 0. 0. 0. 0. 0. 0. 0.],0.0,0.0,0.0,[0. 0. 0. 0. 0. 0. 0. 0. 0.]
1742662969122529863,1742662969,115297033,imu_link,-0.0654296875,0.39990234375,-0.017578125,3.9794921875,[0. 0. 0. 0. 0. 0. 0. 0. 0.],0.0,0.0,0.0,[0. 0. 0. 0. 0. 0. 0. 0. 0.],0.0,0.0,0.0,[0. 0. 0. 0. 0. 0. 0. 0. 0.]
1742662969153170348,1742662969,135402711,imu_link,-0.064697265625,0.400390625,-0.021240234375,3.979248046875,[0. 0. 0. 0. 0. 0. 0. 0. 0.],0.0,0.0,0.0,[0. 0. 0. 0. 0. 0. 0. 0. 0.],0.0,0.0,0.0,[0. 0. 0. 0. 0. 0. 0. 0. 0.]
1742662969158328639,1742662969,155320684,imu_link,-0.064697265625,0.400390625,-0.021240234375,3.979248046875,[0. 0. 0. 0. 0. 0. 0. 0. 0.],0.0,0.0,0.0,[0. 0. 0. 0. 0. 0. 0. 0. 0.],0.0,0.0,0.0,[0. 0. 0. 0. 0. 0. 0. 0. 0.]
1742662969187467943,1742662969,175391029,imu_link,-0.064697265625,0.400390625,-0.021240234375,3.979248046875,[0. 0. 0. 0. 0. 0. 0. 0. 0.],0.0,0.0,0.0,[0. 0. 0. 0. 0. 0. 0. 0. 0.],0.0,0.0,0.0,[0. 0. 0. 0. 0. 0. 0. 0. 0.]
1742662969210887784,1742662969,195365243,imu_link,-0.064208984375,0.400634765625,-0.023681640625,3.979248046875,[0. 0. 0. 0. 0. 0. 0. 0. 0.],0.0,0.0,0.0,[0. 0. 0. 0. 0. 0. 0. 0. 0.],0.0,0.0,0.0,[0. 0. 0. 0. 0. 0. 0. 0. 0.]
1742662969226286212,1742662969,215312883,imu_link,-0.064208984375,0.400634765625,-0.023681640625,3.979248046875,[0. 0. 0. 0. 0. 0. 0. 0. 0.],0.0,0.0,0.0,[0. 0. 0. 0. 0. 0. 0. 0. 0.],0.0,0.0,0.0,[0. 0. 0. 0. 0. 0. 0. 0. 0.]
1742662969247254992,1742662969,235308671,imu_link,-0.063720703125,0.400634765625,-0.019775390625,3.979248046875,[0. 0. 0. 0. 0. 0. 0. 0. 0.],0.0,0.0,0.0,[0. 0. 0. 0. 0. 0. 0. 0. 0.],0.0,0.0,0.0,[0. 0. 0. 0. 0. 0. 0. 0. 0.]
1742662969264330029,1742662969,255396590,imu_link,-0.063720703125,0.400634765625,-0.019775390625,3.979248046875,[0. 0. 0. 0. 0. 0. 0. 0. 0.],0.0,0.0,0.0,[0. 0. 0. 0. 0. 0. 0. 0. 0.],0.0,0.0,0.0,[0. 0. 0. 0. 0. 0. 0. 0. 0.]
1742662969287364366,1742662969,275902902,imu_link,-0.063720703125,0.400634765625,-0.019775390625,3.979248046875,[0. 0. 0. 0. 0. 0. 0. 0. 0.],0.0,0.0,0.0,[0. 0. 0. 0. 0. 0. 0. 0. 0.],0.0,0.0,0.0,[0. 0. 0. 0. 0. 0. 0. 0. 0.]
1742662969308492591,1742662969,295362074,imu_link,-0.0634765625,0.400634765625,-0.019775390625,3.979248046875,[0. 0. 0. 0. 0. 0. 0. 0. 0.],0.0,0.0,0.0,[0. 0. 0. 0. 0. 0. 0. 0. 0.],0.0,0.0,0.0,[0. 0. 0. 0. 0. 0. 0. 0. 0.]
1742662969326763493,1742662969,315528179,imu_link,-0.0634765625,0.400634765625,-0.019775390625,3.979248046875,[0. 0. 0. 0. 0. 0. 0. 0. 0.],0.0,0.0,0.0,[0. 0. 0. 0. 0. 0. 0. 0. 0.],0.0,0.0,0.0,[0. 0. 0. 0. 0. 0. 0. 0. 0.]
1742662969347285990,1742662969,335306447,imu_link,-0.0634765625,0.40087890625,-0.019775390625,3.979248046875,[0. 0. 0. 0. 0. 0. 0. 0. 0.],0.0,0.0,0.0,[0. 0. 0. 0. 0. 0. 0. 0. 0.],0.0,0.0,0.0,[0. 0. 0. 0. 0. 0. 0. 0. 0.]
1742662969364265990,1742662969,355394403,imu_link,-0.0634765625,0.40087890625,-0.019775390625,3.979248046875,[0. 0. 0. 0. 0. 0. 0. 0. 0.],0.0,0.0,0.0,[0. 0. 0. 0. 0. 0. 0. 0. 0.],0.0,0.0,0.0,[0. 0. 0. 0. 0. 0. 0. 0. 0.]
1742662969387167473,1742662969,375334431,imu_link,-0.0634765625,0.40087890625,-0.019775390625,3.979248046875,[0. 0. 0. 0. 0. 0. 0. 0. 0.],0.0,0.0,0.0,[0. 0. 0. 0. 0. 0. 0. 0. 0.],0.0,0.0,0.0,[0. 0. 0. 0. 0. 0. 0. 0. 0.]
1742662969408841389,1742662969,395379387,imu_link,-0.063720703125,0.400634765625,-0.020751953125,3.979248046875,[0. 0. 0. 0. 0. 0. 0. 0. 0.],0.0,0.0,0.0,[0. 0. 0. 0. 0. 0. 0. 0. 0.],0.0,0.0,0.0,[0. 0. 0. 0. 0. 0. 0. 0. 0.]
1742662969426951918,1742662969,415360101,imu_link,-0.063720703125,0.400634765625,-0.020751953125,3.979248046875,[0. 0. 0. 0. 0. 0. 0. 0. 0.],0.0,0.0,0.0,[0. 0. 0. 0. 0. 0. 0. 0. 0.],0.0,0.0,0.0,[0. 0. 0. 0. 0. 0. 0. 0. 0.]
1742662969450837708,1742662969,435344112,imu_link,-0.063720703125,0.400634765625,-0.0224609375,3.979248046875,[0. 0. 0. 0. 0. 0. 0. 0. 0.],0.0,0.0,0.0,[0. 0. 0. 0. 0. 0. 0. 0. 0.],0.0,0.0,0.0,[0. 0. 0. 0. 0. 0. 0. 0. 0.]
1742662969459075474,1742662969,455382363,imu_link,-0.063720703125,0.400634765625,-0.0224609375,3.979248046875,[0. 0. 0. 0. 0. 0. 0. 0. 0.],0.0,0.0,0.0,[0. 0. 0. 0. 0. 0. 0. 0. 0.],0.0,0.0,0.0,[0. 0. 0. 0. 0. 0. 0. 0. 0.]
1742662969487091656,1742662969,475365318,imu_link,-0.063720703125,0.400634765625,-0.0224609375,3.979248046875,[0. 0. 0. 0. 0. 0. 0. 0. 0.],0.0,0.0,0.0,[0. 0. 0. 0. 0. 0. 0. 0. 0.],0.0,0.0,0.0,[0. 0. 0. 0. 0. 0. 0. 0. 0.]
1742662969513429302,1742662969,495398311,imu_link,-0.064208984375,0.400146484375,-0.02001953125,3.979248046875,[0. 0. 0. 0. 0. 0. 0. 0. 0.],0.0,0.0,0.0,[0. 0. 0. 0. 0. 0. 0. 0. 0.],0.0,0.0,0.0,[0. 0. 0. 0. 0. 0. 0. 0. 0.]
1742662969522821820,1742662969,515295154,imu_link,-0.064208984375,0.400146484375,-0.02001953125,3.979248046875,[0. 0. 0. 0. 0. 0. 0. 0. 0.],0.0,0.0,0.0,[0. 0. 0. 0. 0. 0. 0. 0. 0.],0.0,0.0,0.0,[0. 0. 0. 0. 0. 0. 0. 0. 0.]
1742662969550238830,1742662969,535376203,imu_link,-0.064208984375,0.400146484375,-0.018310546875,3.979248046875,[0. 0. 0. 0. 0. 0. 0. 0. 0.],0.0,0.0,0.0,[0. 0. 0. 0. 0. 0. 0. 0. 0.],0.0,0.0,0.0,[0. 0. 0. 0. 0. 0. 0. 0. 0.]
1742662969558911766,1742662969,555400547,imu_link,-0.064208984375,0.400146484375,-0.018310546875,3.979248046875,[0. 0. 0. 0. 0. 0. 0. 0. 0.],0.0,0.0,0.0,[0. 0. 0. 0. 0. 0. 0. 0. 0.],0.0,0.0,0.0,[0. 0. 0. 0. 0. 0. 0. 0. 0.]
1742662969596840675,1742662969,575386743,imu_link,-0.065185546875,0.39990234375,-0.0146484375,3.9794921875,[0. 0. 0. 0. 0. 0. 0. 0. 0.],0.0,0.0,0.0,[0. 0. 0. 0. 0. 0. 0. 0. 0.],0.0,0.0,0.0,[0. 0. 0. 0. 0. 0. 0. 0. 0.]
1742662969605898856,1742662969,597249568,imu_link,-0.065185546875,0.39990234375,-0.0146484375,3.9794921875,[0. 0. 0. 0. 0. 0. 0. 0. 0.],0.0,0.0,0.0,[0. 0. 0. 0. 0. 0. 0. 0. 0.],0.0,0.0,0.0,[0. 0. 0. 0. 0. 0. 0. 0. 0.]
1742662969623595789,1742662969,615318541,imu_link,-0.065185546875,0.39990234375,-0.0146484375,3.9794921875,[0. 0. 0. 0. 0. 0. 0. 0. 0.],0.0,0.0,0.0,[0. 0. 0. 0. 0. 0. 0. 0. 0.],0.0,0.0,0.0,[0. 0. 0. 0. 0. 0. 0. 0. 0.]
1742662969649273707,1742662969,635392256,imu_link,-0.0654296875,0.3994140625,-0.00927734375,3.9794921875,[0. 0. 0. 0. 0. 0. 0. 0. 0.],0.0,0.0,0.0,[0. 0. 0. 0. 0. 0. 0. 0. 0.],0.0,0.0,0.0,[0. 0. 0. 0. 0. 0. 0. 0. 0.]
1742662969659470473,1742662969,655398119,imu_link,-0.0654296875,0.3994140625,-0.00927734375,3.9794921875,[0. 0. 0. 0. 0. 0. 0. 0. 0.],0.0,0.0,0.0,[0. 0. 0. 0. 0. 0. 0. 0. 0.],0.0,0.0,0.0,[0. 0. 0. 0. 0. 0. 0. 0. 0.]
1742662969701058399,1742662969,675381166,imu_link,-0.066162109375,0.3994140625,-0.0029296875,3.9794921875,[0. 0. 0. 0. 0. 0. 0. 0. 0.],0.0,0.0,0.0,[0. 0. 0. 0. 0. 0. 0. 0. 0.],0.0,0.0,0.0,[0. 0. 0. 0. 0. 0. 0. 0. 0.]
1742662969705402701,1742662969,701389625,imu_link,-0.066162109375,0.3994140625,-0.0029296875,3.9794921875,[0. 0. 0. 0. 0. 0. 0. 0. 0.],0.0,0.0,0.0,[0. 0. 0. 0. 0. 0. 0. 0. 0.],0.0,0.0,0.0,[0. 0. 0. 0. 0. 0. 0. 0. 0.]
1742662969723583713,1742662969,715381725,imu_link,-0.066162109375,0.3994140625,-0.0029296875,3.9794921875,[0. 0. 0. 0. 0. 0. 0. 0. 0.],0.0,0.0,0.0,[0. 0. 0. 0. 0. 0. 0. 0. 0.],0.0,0.0,0.0,[0. 0. 0. 0. 0. 0. 0. 0. 0.]
1742662969753653285,1742662969,735328346,imu_link,-0.067138671875,0.398681640625,0.000244140625,3.9794921875,[0. 0. 0. 0. 0. 0. 0. 0. 0.],0.0,0.0,0.0,[0. 0. 0. 0. 0. 0. 0. 0. 0.],0.0,0.0,0.0,[0. 0. 0. 0. 0. 0. 0. 0. 0.]
1742662969764087091,1742662969,755362487,imu_link,-0.067138671875,0.398681640625,0.000244140625,3.9794921875,[0. 0. 0. 0. 0. 0. 0. 0. 0.],0.0,0.0,0.0,[0. 0. 0. 0. 0. 0. 0. 0. 0.],0.0,0.0,0.0,[0. 0. 0. 0. 0. 0. 0. 0. 0.]
1742662969784333641,1742662969,775302775,imu_link,-0.067138671875,0.398681640625,0.000244140625,3.9794921875,[0. 0. 0. 0. 0. 0. 0. 0. 0.],0.0,0.0,0.0,[0. 0. 0. 0. 0. 0. 0. 0. 0.],0.0,0.0,0.0,[0. 0. 0. 0. 0. 0. 0. 0. 0.]
1742662969811161811,1742662969,795336915,imu_link,-0.067626953125,0.398681640625,0.001220703125,3.9794921875,[0. 0. 0. 0. 0. 0. 0. 0. 0.],0.0,0.0,0.0,[0. 0. 0. 0. 0. 0. 0. 0. 0.],0.0,0.0,0.0,[0. 0. 0. 0. 0. 0. 0. 0. 0.]
1742662969826998855,1742662969,815433927,imu_link,-0.067626953125,0.398681640625,0.001220703125,3.9794921875,[0. 0. 0. 0. 0. 0. 0. 0. 0.],0.0,0.0,0.0,[0. 0. 0. 0. 0. 0. 0. 0. 0.],0.0,0.0,0.0,[0. 0. 0. 0. 0. 0. 0. 0. 0.]
1742662969848895107,1742662969,835304270,imu_link,-0.069091796875,0.398681640625,0.008544921875,3.9794921875,[0. 0. 0. 0. 0. 0. 0. 0. 0.],0.0,0.0,0.0,[0. 0. 0. 0. 0. 0. 0. 0. 0.],0.0,0.0,0.0,[0. 0. 0. 0. 0. 0. 0. 0. 0.]
1742662969863903883,1742662969,855394596,imu_link,-0.069091796875,0.398681640625,0.008544921875,3.9794921875,[0. 0. 0. 0. 0. 0. 0. 0. 0.],0.0,0.0,0.0,[0. 0. 0. 0. 0. 0. 0. 0. 0.],0.0,0.0,0.0,[0. 0. 0. 0. 0. 0. 0. 0. 0.]
1742662969883961357,1742662969,875333477,imu_link,-0.069091796875,0.398681640625,0.008544921875,3.9794921875,[0. 0. 0. 0. 0. 0. 0. 0. 0.],0.0,0.0,0.0,[0. 0. 0. 0. 0. 0. 0. 0. 0.],0.0,0.0,0.0,[0. 0. 0. 0. 0. 0. 0. 0. 0.]
1742662969911183124,1742662969,895344247,imu_link,-0.068359375,0.398681640625,0.003173828125,3.9794921875,[0. 0. 0. 0. 0. 0. 0. 0. 0.],0.0,0.0,0.0,[0. 0. 0. 0. 0. 0. 0. 0. 0.],0.0,0.0,0.0,[0. 0. 0. 0. 0. 0. 0. 0. 0.]
1742662969927514228,1742662969,915306535,imu_link,-0.068359375,0.398681640625,0.003173828125,3.9794921875,[0. 0. 0. 0. 0. 0. 0. 0. 0.],0.0,0.0,0.0,[0. 0. 0. 0. 0. 0. 0. 0. 0.],0.0,0.0,0.0,[0. 0. 0. 0. 0. 0. 0. 0. 0.]
1742662969953424723,1742662969,935306601,imu_link,-0.068115234375,0.39892578125,0.001708984375,3.9794921875,[0. 0. 0. 0. 0. 0. 0. 0. 0.],0.0,0.0,0.0,[0. 0. 0. 0. 0. 0. 0. 0. 0.],0.0,0.0,0.0,[0. 0. 0. 0. 0. 0. 0. 0. 0.]
1742662969960720424,1742662969,955304260,imu_link,-0.068115234375,0.39892578125,0.001708984375,3.9794921875,[0. 0. 0. 0. 0. 0. 0. 0. 0.],0.0,0.0,0.0,[0. 0. 0. 0. 0. 0. 0. 0. 0.],0.0,0.0,0.0,[0. 0. 0. 0. 0. 0. 0. 0. 0.]
1742662969997437061,1742662969,975351475,imu_link,-0.06689453125,0.398681640625,-0.005859375,3.9794921875,[0. 0. 0. 0. 0. 0. 0. 0. 0.],0.0,0.0,0.0,[0. 0. 0. 0. 0. 0. 0. 0. 0.],0.0,0.0,0.0,[0. 0. 0. 0. 0. 0. 0. 0. 0.]
1742662970003819809,1742662969,997868492,imu_link,-0.06689453125,0.398681640625,-0.005859375,3.9794921875,[0. 0. 0. 0. 0. 0. 0. 0. 0.],0.0,0.0,0.0,[0. 0. 0. 0. 0. 0. 0. 0. 0.],0.0,0.0,0.0,[0. 0. 0. 0. 0. 0. 0. 0. 0.]
1742662970026485531,1742662970,15353477,imu_link,-0.06689453125,0.398681640625,-0.005859375,3.9794921875,[0. 0. 0. 0. 0. 0. 0. 0. 0.],0.0,0.0,0.0,[0. 0. 0. 0. 0. 0. 0. 0. 0.],0.0,0.0,0.0,[0. 0. 0. 0. 0. 0. 0. 0. 0.]
1742662970052803733,1742662970,35340932,imu_link,-0.066650390625,0.398681640625,-0.008056640625,3.9794921875,[0. 0. 0. 0. 0. 0. 0. 0. 0.],0.0,0.0,0.0,[0. 0. 0. 0. 0. 0. 0. 0. 0.],0.0,0.0,0.0,[0. 0. 0. 0. 0. 0. 0. 0. 0.]
1742662970060505290,1742662970,55303387,imu_link,-0.066650390625,0.398681640625,-0.008056640625,3.9794921875,[0. 0. 0. 0. 0. 0. 0. 0. 0.],0.0,0.0,0.0,[0. 0. 0. 0. 0. 0. 0. 0. 0.],0.0,0.0,0.0,[0. 0. 0. 0. 0. 0. 0. 0. 0.]
1742662970098464439,1742662970,75394287,imu_link,-0.066162109375,0.399169921875,-0.015380859375,3.9794921875,[0. 0. 0. 0. 0. 0. 0. 0. 0.],0.0,0.0,0.0,[0. 0. 0. 0. 0. 0. 0. 0. 0.],0.0,0.0,0.0,[0. 0. 0. 0. 0. 0. 0. 0. 0.]
1742662970104241625,1742662970,98901351,imu_link,-0.066162109375,0.399169921875,-0.015380859375,3.9794921875,[0. 0. 0. 0. 0. 0. 0. 0. 0.],0.0,0.0,0.0,[0. 0. 0. 0. 0. 0. 0. 0. 0.],0.0,0.0,0.0,[0. 0. 0. 0. 0. 0. 0. 0. 0.]
1742662970127541260,1742662970,115373289,imu_link,-0.066162109375,0.399169921875,-0.015380859375,3.9794921875,[0. 0. 0. 0. 0. 0. 0. 0. 0.],0.0,0.0,0.0,[0. 0. 0. 0. 0. 0. 0. 0. 0.],0.0,0.0,0.0,[0. 0. 0. 0. 0. 0. 0. 0. 0.]
1742662970151536254,1742662970,135364633,imu_link,-0.06591796875,0.399169921875,-0.01806640625,3.9794921875,[0. 0. 0. 0. 0. 0. 0. 0. 0.],0.0,0.0,0.0,[0. 0. 0. 0. 0. 0. 0. 0. 0.],0.0,0.0,0.0,[0. 0. 0. 0. 0. 0. 0. 0. 0.]
1742662970160601288,1742662970,155338255,imu_link,-0.06591796875,0.399169921875,-0.01806640625,3.9794921875,[0. 0. 0. 0. 0. 0. 0. 0. 0.],0.0,0.0,0.0,[0. 0. 0. 0. 0. 0. 0. 0. 0.],0.0,0.0,0.0,[0. 0. 0. 0. 0. 0. 0. 0. 0.]
1742662970198055821,1742662970,175402303,imu_link,-0.06591796875,0.3994140625,-0.01904296875,3.9794921875,[0. 0. 0. 0. 0. 0. 0. 0. 0.],0.0,0.0,0.0,[0. 0. 0. 0. 0. 0. 0. 0. 0.],0.0,0.0,0.0,[0. 0. 0. 0. 0. 0. 0. 0. 0.]
1742662970207163910,1742662970,198462714,imu_link,-0.06591796875,0.3994140625,-0.01904296875,3.9794921875,[0. 0. 0. 0. 0. 0. 0. 0. 0.],0.0,0.0,0.0,[0. 0. 0. 0. 0. 0. 0. 0. 0.],0.0,0.0,0.0,[0. 0. 0. 0. 0. 0. 0. 0. 0.]
1742662970224944954,1742662970,215358305,imu_link,-0.06591796875,0.3994140625,-0.01904296875,3.9794921875,[0. 0. 0. 0. 0. 0. 0. 0. 0.],0.0,0.0,0.0,[0. 0. 0. 0. 0. 0. 0. 0. 0.],0.0,0.0,0.0,[0. 0. 0. 0. 0. 0. 0. 0. 0.]
1742662970250452556,1742662970,235322667,imu_link,-0.06640625,0.39990234375,-0.020751953125,3.979248046875,[0. 0. 0. 0. 0. 0. 0. 0. 0.],0.0,0.0,0.0,[0. 0. 0. 0. 0. 0. 0. 0. 0.],0.0,0.0,0.0,[0. 0. 0. 0. 0. 0. 0. 0. 0.]
1742662970260504172,1742662970,255330289,imu_link,-0.06640625,0.39990234375,-0.020751953125,3.979248046875,[0. 0. 0. 0. 0. 0. 0. 0. 0.],0.0,0.0,0.0,[0. 0. 0. 0. 0. 0. 0. 0. 0.],0.0,0.0,0.0,[0. 0. 0. 0. 0. 0. 0. 0. 0.]
1742662970295944056,1742662970,275322373,imu_link,-0.066162109375,0.39990234375,-0.0244140625,3.979248046875,[0. 0. 0. 0. 0. 0. 0. 0. 0.],0.0,0.0,0.0,[0. 0. 0. 0. 0. 0. 0. 0. 0.],0.0,0.0,0.0,[0. 0. 0. 0. 0. 0. 0. 0. 0.]
1742662970304985330,1742662970,296347894,imu_link,-0.066162109375,0.39990234375,-0.0244140625,3.979248046875,[0. 0. 0. 0. 0. 0. 0. 0. 0.],0.0,0.0,0.0,[0. 0. 0. 0. 0. 0. 0. 0. 0.],0.0,0.0,0.0,[0. 0. 0. 0. 0. 0. 0. 0. 0.]
1742662970325564809,1742662970,315485618,imu_link,-0.066162109375,0.39990234375,-0.0244140625,3.979248046875,[0. 0. 0. 0. 0. 0. 0. 0. 0.],0.0,0.0,0.0,[0. 0. 0. 0. 0. 0. 0. 0. 0.],0.0,0.0,0.0,[0. 0. 0. 0. 0. 0. 0. 0. 0.]
1742662970351170300,1742662970,335353997,imu_link,-0.065673828125,0.400146484375,-0.029541015625,3.979248046875,[0. 0. 0. 0. 0. 0. 0. 0. 0.],0.0,0.0,0.0,[0. 0. 0. 0. 0. 0. 0. 0. 0.],0.0,0.0,0.0,[0. 0. 0. 0. 0. 0. 0. 0. 0.]
1742662970364039852,1742662970,355373323,imu_link,-0.065673828125,0.400146484375,-0.029541015625,3.979248046875,[0. 0. 0. 0. 0. 0. 0. 0. 0.],0.0,0.0,0.0,[0. 0. 0. 0. 0. 0. 0. 0. 0.],0.0,0.0,0.0,[0. 0. 0. 0. 0. 0. 0. 0. 0.]
1742662970383850731,1742662970,375316111,imu_link,-0.065673828125,0.400146484375,-0.029541015625,3.979248046875,[0. 0. 0. 0. 0. 0. 0. 0. 0.],0.0,0.0,0.0,[0. 0. 0. 0. 0. 0. 0. 0. 0.],0.0,0.0,0.0,[0. 0. 0. 0. 0. 0. 0. 0. 0.]
1742662970412389270,1742662970,395390770,imu_link,-0.0654296875,0.400146484375,-0.034912109375,3.979248046875,[0. 0. 0. 0. 0. 0. 0. 0. 0.],0.0,0.0,0.0,[0. 0. 0. 0. 0. 0. 0. 0. 0.],0.0,0.0,0.0,[0. 0. 0. 0. 0. 0. 0. 0. 0.]
1742662970429035303,1742662970,415299483,imu_link,-0.0654296875,0.400146484375,-0.034912109375,3.979248046875,[0. 0. 0. 0. 0. 0. 0. 0. 0.],0.0,0.0,0.0,[0. 0. 0. 0. 0. 0. 0. 0. 0.],0.0,0.0,0.0,[0. 0. 0. 0. 0. 0. 0. 0. 0.]
1742662970450162676,1742662970,435298975,imu_link,-0.06494140625,0.399658203125,-0.03466796875,3.979248046875,[0. 0. 0. 0. 0. 0. 0. 0. 0.],0.0,0.0,0.0,[0. 0. 0. 0. 0. 0. 0. 0. 0.],0.0,0.0,0.0,[0. 0. 0. 0. 0. 0. 0. 0. 0.]
1742662970464637651,1742662970,455303023,imu_link,-0.06494140625,0.399658203125,-0.03466796875,3.979248046875,[0. 0. 0. 0. 0. 0. 0. 0. 0.],0.0,0.0,0.0,[0. 0. 0. 0. 0. 0. 0. 0. 0.],0.0,0.0,0.0,[0. 0. 0. 0. 0. 0. 0. 0. 0.]
1742662970484527346,1742662970,475341793,imu_link,-0.06494140625,0.399658203125,-0.03466796875,3.979248046875,[0. 0. 0. 0. 0. 0. 0. 0. 0.],0.0,0.0,0.0,[0. 0. 0. 0. 0. 0. 0. 0. 0.],0.0,0.0,0.0,[0. 0. 0. 0. 0. 0. 0. 0. 0.]
1742662970512570843,1742662970,495557602,imu_link,-0.065185546875,0.39892578125,-0.031982421875,3.9794921875,[0. 0. 0. 0. 0. 0. 0. 0. 0.],0.0,0.0,0.0,[0. 0. 0. 0. 0. 0. 0. 0. 0.],0.0,0.0,0.0,[0. 0. 0. 0. 0. 0. 0. 0. 0.]
1742662970528039846,1742662970,515297221,imu_link,-0.065185546875,0.39892578125,-0.031982421875,3.9794921875,[0. 0. 0. 0. 0. 0. 0. 0. 0.],0.0,0.0,0.0,[0. 0. 0. 0. 0. 0. 0. 0. 0.],0.0,0.0,0.0,[0. 0. 0. 0. 0. 0. 0. 0. 0.]
1742662970553741153,1742662970,535364751,imu_link,-0.06494140625,0.39892578125,-0.03125,3.9794921875,[0. 0. 0. 0. 0. 0. 0. 0. 0.],0.0,0.0,0.0,[0. 0. 0. 0. 0. 0. 0. 0. 0.],0.0,0.0,0.0,[0. 0. 0. 0. 0. 0. 0. 0. 0.]
1742662970560831667,1742662970,555289020,imu_link,-0.06494140625,0.39892578125,-0.03125,3.9794921875,[0. 0. 0. 0. 0. 0. 0. 0. 0.],0.0,0.0,0.0,[0. 0. 0. 0. 0. 0. 0. 0. 0.],0.0,0.0,0.0,[0. 0. 0. 0. 0. 0. 0. 0. 0.]
1742662970597400598,1742662970,575388753,imu_link,-0.06494140625,0.399169921875,-0.03173828125,3.9794921875,[0. 0. 0. 0. 0. 0. 0. 0. 0.],0.0,0.0,0.0,[0. 0. 0. 0. 0. 0. 0. 0. 0.],0.0,0.0,0.0,[0. 0. 0. 0. 0. 0. 0. 0. 0.]
1742662970602957857,1742662970,597826084,imu_link,-0.06494140625,0.399169921875,-0.03173828125,3.9794921875,[0. 0. 0. 0. 0. 0. 0. 0. 0.],0.0,0.0,0.0,[0. 0. 0. 0. 0. 0. 0. 0. 0.],0.0,0.0,0.0,[0. 0. 0. 0. 0. 0. 0. 0. 0.]
1742662970627674635,1742662970,615390163,imu_link,-0.06494140625,0.399169921875,-0.03173828125,3.9794921875,[0. 0. 0. 0. 0. 0. 0. 0. 0.],0.0,0.0,0.0,[0. 0. 0. 0. 0. 0. 0. 0. 0.],0.0,0.0,0.0,[0. 0. 0. 0. 0. 0. 0. 0. 0.]
1742662970653836669,1742662970,635470119,imu_link,-0.0654296875,0.39892578125,-0.02587890625,3.9794921875,[0. 0. 0. 0. 0. 0. 0. 0. 0.],0.0,0.0,0.0,[0. 0. 0. 0. 0. 0. 0. 0. 0.],0.0,0.0,0.0,[0. 0. 0. 0. 0. 0. 0. 0. 0.]
1742662970660933831,1742662970,655285850,imu_link,-0.0654296875,0.39892578125,-0.02587890625,3.9794921875,[0. 0. 0. 0. 0. 0. 0. 0. 0.],0.0,0.0,0.0,[0. 0. 0. 0. 0. 0. 0. 0. 0.],0.0,0.0,0.0,[0. 0. 0. 0. 0. 0. 0. 0. 0.]
1742662970698190529,1742662970,675386806,imu_link,-0.0654296875,0.399169921875,-0.023681640625,3.9794921875,[0. 0. 0. 0. 0. 0. 0. 0. 0.],0.0,0.0,0.0,[0. 0. 0. 0. 0. 0. 0. 0. 0.],0.0,0.0,0.0,[0. 0. 0. 0. 0. 0. 0. 0. 0.]
1742662970703097003,1742662970,698603015,imu_link,-0.0654296875,0.399169921875,-0.023681640625,3.9794921875,[0. 0. 0. 0. 0. 0. 0. 0. 0.],0.0,0.0,0.0,[0. 0. 0. 0. 0. 0. 0. 0. 0.],0.0,0.0,0.0,[0. 0. 0. 0. 0. 0. 0. 0. 0.]
1742662970723837576,1742662970,715386883,imu_link,-0.0654296875,0.399169921875,-0.023681640625,3.9794921875,[0. 0. 0. 0. 0. 0. 0. 0. 0.],0.0,0.0,0.0,[0. 0. 0. 0. 0. 0. 0. 0. 0.],0.0,0.0,0.0,[0. 0. 0. 0. 0. 0. 0. 0. 0.]
1742662970751002583,1742662970,735337985,imu_link,-0.0654296875,0.399169921875,-0.023193359375,3.9794921875,[0. 0. 0. 0. 0. 0. 0. 0. 0.],0.0,0.0,0.0,[0. 0. 0. 0. 0. 0. 0. 0. 0.],0.0,0.0,0.0,[0. 0. 0. 0. 0. 0. 0. 0. 0.]
1742662970760870420,1742662970,755304810,imu_link,-0.0654296875,0.399169921875,-0.023193359375,3.9794921875,[0. 0. 0. 0. 0. 0. 0. 0. 0.],0.0,0.0,0.0,[0. 0. 0. 0. 0. 0. 0. 0. 0.],0.0,0.0,0.0,[0. 0. 0. 0. 0. 0. 0. 0. 0.]
1742662970796866365,1742662970,775294635,imu_link,-0.065185546875,0.399169921875,-0.023681640625,3.9794921875,[0. 0. 0. 0. 0. 0. 0. 0. 0.],0.0,0.0,0.0,[0. 0. 0. 0. 0. 0. 0. 0. 0.],0.0,0.0,0.0,[0. 0. 0. 0. 0. 0. 0. 0. 0.]
1742662970806772906,1742662970,797283832,imu_link,-0.065185546875,0.399169921875,-0.023681640625,3.9794921875,[0. 0. 0. 0. 0. 0. 0. 0. 0.],0.0,0.0,0.0,[0. 0. 0. 0. 0. 0. 0. 0. 0.],0.0,0.0,0.0,[0. 0. 0. 0. 0. 0. 0. 0. 0.]
1742662970824622322,1742662970,815511696,imu_link,-0.065185546875,0.399169921875,-0.023681640625,3.9794921875,[0. 0. 0. 0. 0. 0. 0. 0. 0.],0.0,0.0,0.0,[0. 0. 0. 0. 0. 0. 0. 0. 0.],0.0,0.0,0.0,[0. 0. 0. 0. 0. 0. 0. 0. 0.]
1742662970852179147,1742662970,835345853,imu_link,-0.065185546875,0.3994140625,-0.023193359375,3.9794921875,[0. 0. 0. 0. 0. 0. 0. 0. 0.],0.0,0.0,0.0,[0. 0. 0. 0. 0. 0. 0. 0. 0.],0.0,0.0,0.0,[0. 0. 0. 0. 0. 0. 0. 0. 0.]
1742662970860931566,1742662970,855338789,imu_link,-0.065185546875,0.3994140625,-0.023193359375,3.9794921875,[0. 0. 0. 0. 0. 0. 0. 0. 0.],0.0,0.0,0.0,[0. 0. 0. 0. 0. 0. 0. 0. 0.],0.0,0.0,0.0,[0. 0. 0. 0. 0. 0. 0. 0. 0.]
1742662970901867022,1742662970,875318244,imu_link,-0.065185546875,0.3994140625,-0.0244140625,3.9794921875,[0. 0. 0. 0. 0. 0. 0. 0. 0.],0.0,0.0,0.0,[0. 0. 0. 0. 0. 0. 0. 0. 0.],0.0,0.0,0.0,[0. 0. 0. 0. 0. 0. 0. 0. 0.]
1742662970905697652,1742662970,902272896,imu_link,-0.065185546875,0.3994140625,-0.0244140625,3.9794921875,[0. 0. 0. 0. 0. 0. 0. 0. 0.],0.0,0.0,0.0,[0. 0. 0. 0. 0. 0. 0. 0. 0.],0.0,0.0,0.0,[0. 0. 0. 0. 0. 0. 0. 0. 0.]
1742662970923989405,1742662970,915328839,imu_link,-0.065185546875,0.3994140625,-0.0244140625,3.9794921875,[0. 0. 0. 0. 0. 0. 0. 0. 0.],0.0,0.0,0.0,[0. 0. 0. 0. 0. 0. 0. 0. 0.],0.0,0.0,0.0,[0. 0. 0. 0. 0. 0. 0. 0. 0.]
1742662970951843604,1742662970,935344498,imu_link,-0.065185546875,0.399658203125,-0.0283203125,3.979248046875,[0. 0. 0. 0. 0. 0. 0. 0. 0.],0.0,0.0,0.0,[0. 0. 0. 0. 0. 0. 0. 0. 0.],0.0,0.0,0.0,[0. 0. 0. 0. 0. 0. 0. 0. 0.]
1742662970969523591,1742662970,955324008,imu_link,-0.065185546875,0.399658203125,-0.0283203125,3.979248046875,[0. 0. 0. 0. 0. 0. 0. 0. 0.],0.0,0.0,0.0,[0. 0. 0. 0. 0. 0. 0. 0. 0.],0.0,0.0,0.0,[0. 0. 0. 0. 0. 0. 0. 0. 0.]
1742662970981574450,1742662970,975329852,imu_link,-0.065185546875,0.399658203125,-0.0283203125,3.979248046875,[0. 0. 0. 0. 0. 0. 0. 0. 0.],0.0,0.0,0.0,[0. 0. 0. 0. 0. 0. 0. 0. 0.],0.0,0.0,0.0,[0. 0. 0. 0. 0. 0. 0. 0. 0.]
1742662971011616725,1742662970,995554587,imu_link,-0.064208984375,0.399658203125,-0.036865234375,3.979248046875,[0. 0. 0. 0. 0. 0. 0. 0. 0.],0.0,0.0,0.0,[0. 0. 0. 0. 0. 0. 0. 0. 0.],0.0,0.0,0.0,[0. 0. 0. 0. 0. 0. 0. 0. 0.]
1742662971029703643,1742662971,15301280,imu_link,-0.064208984375,0.399658203125,-0.036865234375,3.979248046875,[0. 0. 0. 0. 0. 0. 0. 0. 0.],0.0,0.0,0.0,[0. 0. 0. 0. 0. 0. 0. 0. 0.],0.0,0.0,0.0,[0. 0. 0. 0. 0. 0. 0. 0. 0.]
1742662971050159158,1742662971,35389754,imu_link,-0.06396484375,0.39990234375,-0.039306640625,3.979248046875,[0. 0. 0. 0. 0. 0. 0. 0. 0.],0.0,0.0,0.0,[0. 0. 0. 0. 0. 0. 0. 0. 0.],0.0,0.0,0.0,[0. 0. 0. 0. 0. 0. 0. 0. 0.]
1742662971063877847,1742662971,55327245,imu_link,-0.06396484375,0.39990234375,-0.039306640625,3.979248046875,[0. 0. 0. 0. 0. 0. 0. 0. 0.],0.0,0.0,0.0,[0. 0. 0. 0. 0. 0. 0. 0. 0.],0.0,0.0,0.0,[0. 0. 0. 0. 0. 0. 0. 0. 0.]
1742662971084320714,1742662971,75370293,imu_link,-0.06396484375,0.39990234375,-0.039306640625,3.979248046875,[0. 0. 0. 0. 0. 0. 0. 0. 0.],0.0,0.0,0.0,[0. 0. 0. 0. 0. 0. 0. 0. 0.],0.0,0.0,0.0,[0. 0. 0. 0. 0. 0. 0. 0. 0.]
